,Player,Season,Team,S/C,Pos,GP,G,A,P,+/-,PIM,P/GP,EVG,EVP,PPG,PPP,SHG,SHP,OTG,GWG,S,S%,TOI/GP,FOW%
0,Leon Draisaitl,20192020,EDM,L,C,71,43,67,110,-7,18,1.55,27,66,16,44,0,0,2,10,218,19.7,22:37,52.1
1,Connor McDavid,20192020,EDM,L,C,64,34,63,97,-6,28,1.52,23,54,11,43,0,0,0,6,212,16,21:52,47.8
2,David Pastrnak,20192020,BOS,R,R,70,48,47,95,21,40,1.36,28,57,20,38,0,0,1,10,279,17.2,18:58,38.9
3,Artemi Panarin,20192020,NYR,R,L,69,32,63,95,36,20,1.38,25,71,7,24,0,0,0,4,209,15.3,20:36,50
4,Nathan MacKinnon,20192020,COL,R,C,69,35,58,93,13,12,1.35,23,62,12,31,0,0,2,4,318,11,21:13,43.1
5,Brad Marchand,20192020,BOS,L,L,70,28,59,87,25,82,1.24,22,56,5,28,1,3,0,5,185,15.1,19:27,43.1
6,Nikita Kucherov,20192020,TBL,L,R,68,33,52,85,26,38,1.25,29,60,4,25,0,0,3,6,210,15.7,18:52,0
7,Patrick Kane,20192020,CHI,L,R,70,33,51,84,8,40,1.2,25,61,8,23,0,0,1,2,275,12,21:20,25
8,Auston Matthews,20192020,TOR,L,C,70,47,33,80,19,8,1.14,35,55,12,25,0,0,0,5,290,16.2,20:58,55
9,Jack Eichel,20192020,BUF,R,C,68,36,42,78,5,34,1.15,24,50,11,27,1,1,3,9,227,15.9,22:06,46.8
10,Jonathan Huberdeau,20192020,FLA,L,L,69,23,55,78,5,30,1.13,18,49,5,29,0,0,1,3,152,15.1,18:46,39.3
11,Mika Zibanejad,20192020,NYR,R,C,57,41,34,75,9,14,1.32,23,43,15,27,3,5,2,6,208,19.7,21:38,49.2
12,John Carlson,20192020,WSH,R,D,69,15,60,75,12,26,1.09,13,49,2,26,0,0,0,6,189,7.9,24:38:00,0
13,Evgeni Malkin,20192020,PIT,L,C,55,25,49,74,7,58,1.35,18,50,7,24,0,0,0,5,171,14.6,19:31,50.3
14,Kyle Connor,20192020,WPG,L,L,71,38,35,73,4,34,1.03,28,54,9,17,1,2,1,7,239,15.9,21:05,15.4
15,Mark Scheifele,20192020,WPG,R,C,71,29,44,73,2,45,1.03,19,53,10,20,0,0,2,6,170,17.1,21:48,46.9
16,J.T. Miller,20192020,VAN,L,C,69,27,45,72,11,47,1.04,18,45,9,25,0,2,1,3,165,16.4,20:06,59.2
17,Alex Ovechkin,20192020,WSH,R,L,68,48,19,67,-12,30,0.99,35,49,13,18,0,0,1,3,311,15.4,20:40,100
18,Mitchell Marner,20192020,TOR,R,R,59,16,51,67,6,16,1.14,10,42,6,24,0,1,1,2,154,10.4,21:33,26.9
19,Sebastian Aho,20192020,CAR,L,C,68,38,28,66,10,26,0.97,26,44,8,17,4,5,0,5,206,18.5,19:25,46
20,Max Pacioretty,20192020,VGK,L,L,71,32,34,66,18,44,0.93,24,47,8,19,0,0,1,5,307,10.4,17:55,53.1
21,Steven Stamkos,20192020,TBL,R,C,57,29,37,66,14,22,1.16,19,47,10,19,0,0,0,6,176,16.5,18:25,54.3
22,Elias Pettersson,20192020,VAN,L,C,68,27,39,66,16,18,0.97,19,42,8,24,0,0,1,5,162,16.7,18:32,41.8
23,Blake Wheeler,20192020,WPG,R,R,71,22,43,65,1,37,0.92,17,41,4,22,1,2,0,2,180,12.2,19:19,49.9
24,Roman Josi,20192020,NSH,L,D,69,16,49,65,22,41,0.94,12,42,4,23,0,0,0,1,260,6.2,25:47:00,--
25,Brayden Point,20192020,TBL,R,C,66,25,39,64,28,11,0.97,17,51,8,13,0,0,0,4,141,17.7,18:54,51.1
26,Patrik Laine,20192020,WPG,R,R,68,28,35,63,8,22,0.93,20,47,8,16,0,0,0,1,226,12.4,19:25,37
27,Mark Stone,20192020,VGK,R,R,65,21,42,63,15,27,0.97,15,45,6,17,0,1,0,3,168,12.5,19:25,34.8
28,Teuvo Teravainen,20192020,CAR,L,L,68,15,48,63,20,8,0.93,10,38,4,21,1,4,0,1,182,8.2,19:12,49.1
29,Anze Kopitar,20192020,LAK,L,C,70,21,41,62,6,16,0.89,13,40,7,21,1,1,1,5,135,15.6,21:02,55.2
30,Aleksander Barkov,20192020,FLA,L,C,66,20,42,62,2,18,0.94,13,41,7,20,0,1,0,2,172,11.6,20:01,54.3
31,Travis Konecny,20192020,PHI,R,R,66,24,37,61,-1,28,0.92,19,38,5,23,0,0,0,3,141,17,16:48,49
32,Andrei Svechnikov,20192020,CAR,L,R,68,24,37,61,9,54,0.9,18,41,6,20,0,0,1,5,183,13.1,16:44,0
33,Matthew Tkachuk,20192020,CGY,L,L,69,23,38,61,-5,74,0.88,18,42,5,19,0,0,2,4,188,12.2,18:18,0
34,Ryan Nugent-Hopkins,20192020,EDM,L,C,65,22,39,61,1,33,0.94,15,37,7,24,0,0,0,4,172,12.8,20:28,50.7
35,Tomas Tatar,20192020,MTL,L,L,68,22,39,61,5,36,0.9,14,47,8,14,0,0,0,1,162,13.6,16:18,36
36,Ryan O'Reilly,20192020,STL,L,C,71,12,49,61,11,10,0.86,9,42,2,18,1,1,1,3,118,10.2,20:34,56.6
37,John Tavares,20192020,TOR,L,C,63,26,34,60,-7,24,0.95,19,39,7,21,0,0,3,4,197,13.2,19:33,55.3
38,David Perron,20192020,STL,R,L,71,25,35,60,2,52,0.85,16,33,9,27,0,0,4,9,166,15.1,18:19,37.5
39,Mathew Barzal,20192020,NYI,R,C,68,19,41,60,5,44,0.88,15,48,4,12,0,0,0,2,171,11.1,20:03,41.6
40,Jonathan Toews,20192020,CHI,L,C,70,18,42,60,-2,48,0.86,16,51,1,8,1,1,3,3,172,10.5,19:47,57.3
41,William Nylander,20192020,TOR,R,R,68,31,28,59,-2,12,0.87,22,42,9,17,0,0,1,7,197,15.7,18:13,50
42,Mike Hoffman,20192020,FLA,L,L,69,29,30,59,-5,28,0.86,18,38,11,21,0,0,0,3,214,13.6,16:50,46.7
43,Sean Couturier,20192020,PHI,L,C,69,22,37,59,21,30,0.86,18,46,4,13,0,0,1,4,185,11.9,19:50,59.6
44,Ryan Strome,20192020,NYR,R,C,70,18,41,59,21,48,0.84,15,41,3,17,0,1,0,3,154,11.7,19:35,47.5
45,Brayden Schenn,20192020,STL,L,C,71,25,33,58,3,44,0.82,15,37,10,21,0,0,0,4,138,18.1,18:28,49
46,Nikolaj Ehlers,20192020,WPG,L,L,71,25,33,58,14,30,0.82,21,52,3,5,1,1,0,5,203,12.3,16:31,0
47,Johnny Gaudreau,20192020,CGY,L,L,70,18,40,58,-10,12,0.83,12,40,6,18,0,0,0,2,209,8.6,18:47,25
48,Jaden Schwartz,20192020,STL,L,L,71,22,35,57,3,18,0.8,13,37,9,20,0,0,1,4,162,13.6,18:11,45
49,Patrice Bergeron,20192020,BOS,R,C,61,31,25,56,23,28,0.92,19,35,11,20,1,1,1,5,203,15.3,18:44,57.9
50,Bryan Rust,20192020,PIT,R,R,55,27,29,56,14,30,1.02,18,37,8,17,1,2,2,4,151,17.9,19:46,20
51,Jakub Voracek,20192020,PHI,L,R,69,12,44,56,14,31,0.81,8,39,4,17,0,0,1,3,132,9.1,17:03,35
52,Victor Hedman,20192020,TBL,L,D,66,11,44,55,27,31,0.83,7,33,4,22,0,0,0,3,155,7.1,24:04:00,--
53,Elias Lindholm,20192020,CGY,R,C,70,29,25,54,-8,22,0.77,21,35,8,19,0,0,1,7,169,17.2,19:43,49.3
54,Reilly Smith,20192020,VGK,L,R,71,27,27,54,17,20,0.76,22,45,3,5,2,4,0,6,169,16,17:55,25
55,Brock Nelson,20192020,NYI,L,C,68,26,28,54,6,32,0.79,22,47,4,7,0,0,3,5,175,14.9,18:52,51.8
56,Kevin Fiala,20192020,MIN,L,L,64,23,31,54,-1,42,0.84,14,36,9,18,0,0,1,4,175,13.1,15:24,22.2
57,Nicklas Backstrom,20192020,WSH,L,C,61,12,42,54,-1,14,0.89,10,36,2,18,0,0,0,0,132,9.1,19:01,49.2
58,Bo Horvat,20192020,VAN,L,C,69,22,31,53,-15,21,0.77,10,37,12,16,0,0,0,2,178,12.4,19:44,57.3
59,Claude Giroux,20192020,PHI,R,C,69,21,32,53,7,28,0.77,13,31,7,20,1,2,0,6,197,10.7,18:59,59
60,Dylan Larkin,20192020,DET,L,C,71,19,34,53,-21,39,0.75,14,39,5,14,0,0,0,0,223,8.5,21:15,52.4
61,Tony DeAngelo,20192020,NYR,R,D,68,15,38,53,12,47,0.78,12,34,3,19,0,0,2,3,149,10.1,19:17,--
62,Quinn Hughes,20192020,VAN,L,D,68,8,45,53,-10,22,0.78,5,28,3,25,0,0,1,2,126,6.4,21:53,--
63,Jakub Vrana,20192020,WSH,L,L,69,25,27,52,3,18,0.75,24,40,1,12,0,0,1,6,187,13.4,14:53,54.6
64,Evgeny Kuznetsov,20192020,WSH,L,C,63,19,33,52,-2,40,0.83,13,40,6,12,0,0,0,0,129,14.7,17:51,43.3
65,Alex Pietrangelo,20192020,STL,R,D,70,16,36,52,11,20,0.74,10,29,6,22,0,1,0,3,225,7.1,24:11:00,--
66,Taylor Hall,20192020,NJD,L,L,65,16,36,52,-14,34,0.8,12,34,4,18,0,0,0,1,232,6.9,19:10,39.2
67,Sam Reinhart,20192020,BUF,R,C,69,22,28,50,-15,20,0.72,17,38,5,12,0,0,0,2,144,15.3,20:38,35.7
68,Tyler Seguin,20192020,DAL,R,C,69,17,33,50,-2,22,0.72,14,35,3,15,0,0,3,6,245,6.9,19:09,58.2
69,Cale Makar,20192020,COL,R,D,57,12,38,50,12,12,0.88,8,31,4,19,0,0,0,4,121,9.9,21:01,--
70,T.J. Oshie,20192020,WSH,R,R,69,26,23,49,4,26,0.71,16,37,10,12,0,0,1,4,133,19.6,18:18,50
71,Alex Killorn,20192020,TBL,L,L,68,26,23,49,19,20,0.72,18,36,8,13,0,0,0,7,130,20,17:56,26.3
72,Timo Meier,20192020,SJS,L,R,70,22,27,49,-22,42,0.7,20,40,2,9,0,0,0,2,199,11.1,17:17,32.4
73,Pierre-Luc Dubois,20192020,CBJ,L,C,70,18,31,49,-2,49,0.7,17,39,1,10,0,0,2,4,158,11.4,17:56,44.6
74,Torey Krug,20192020,BOS,L,D,61,9,40,49,-4,33,0.8,7,21,2,28,0,0,2,4,144,6.3,20:29,--
75,Sean Monahan,20192020,CGY,L,C,70,22,26,48,-16,25,0.69,14,32,8,16,0,0,1,5,166,13.3,18:06,52.6
76,Filip Forsberg,20192020,NSH,R,L,63,21,27,48,-7,29,0.76,14,34,7,14,0,0,0,2,198,10.6,17:21,33.3
77,Tyler Bertuzzi,20192020,DET,L,L,71,21,27,48,-23,40,0.68,18,34,3,14,0,0,0,1,129,16.3,19:19,66.7
78,Ryan Suter,20192020,MIN,L,D,69,8,40,48,-6,12,0.7,6,30,2,18,0,0,0,2,111,7.2,24:38:00,--
79,Evander Kane,20192020,SJS,L,L,64,26,21,47,-12,122,0.73,10,27,14,18,2,2,0,6,216,12,19:32,52.7
80,Evgenii Dadonov,20192020,FLA,L,R,69,25,22,47,-7,10,0.68,14,30,11,17,0,0,0,2,167,15,17:06,--
81,Jonathan Marchessault,20192020,VGK,R,C,66,22,25,47,6,28,0.71,16,35,6,12,0,0,1,3,235,9.4,17:17,42.7
82,Eric Staal,20192020,MIN,L,C,66,19,28,47,-9,28,0.71,14,33,5,14,0,0,1,5,113,16.8,17:08,49.6
83,Sidney Crosby,20192020,PIT,L,C,41,16,31,47,-8,15,1.15,12,30,4,17,0,0,2,4,109,14.7,20:16,55.6
84,Phillip Danault,20192020,MTL,L,C,71,13,34,47,18,32,0.66,12,43,1,4,0,0,0,1,131,9.9,18:51,54.5
85,Dominik Kubalik,20192020,CHI,L,L,68,30,16,46,2,16,0.68,26,38,4,8,0,0,0,3,157,19.1,14:22,31.6
86,Zach Parise,20192020,MIN,L,L,69,25,21,46,-11,8,0.67,12,27,12,18,1,1,0,4,155,16.1,17:12,53.3
87,Pavel Buchnevich,20192020,NYR,L,R,68,16,30,46,2,24,0.68,12,37,4,9,0,0,0,1,148,10.8,16:56,17.4
88,William Karlsson,20192020,VGK,L,C,63,15,31,46,11,16,0.73,11,33,2,8,2,5,0,1,138,10.9,18:52,51.9
89,Shea Theodore,20192020,VGK,L,D,71,13,33,46,12,25,0.65,11,29,1,16,1,1,2,4,219,5.9,22:14,--
90,Kyle Palmieri,20192020,NJD,R,R,65,25,20,45,-4,41,0.69,14,27,11,18,0,0,1,3,155,16.1,17:07,32.4
91,Chris Kreider,20192020,NYR,L,L,63,24,21,45,13,58,0.71,15,32,9,13,0,0,0,5,156,15.4,17:15,43.1
92,Tanner Pearson,20192020,VAN,L,L,69,21,24,45,-4,27,0.65,16,32,3,10,2,3,0,3,164,12.8,16:31,17.7
93,Andre Burakovsky,20192020,COL,L,L,58,20,25,45,11,22,0.78,18,34,2,11,0,0,1,6,103,19.4,15:12,35.7
94,Alex DeBrincat,20192020,CHI,R,L,70,18,27,45,-10,15,0.64,8,29,10,16,0,0,1,4,207,8.7,17:30,35
95,Mikael Backlund,20192020,CGY,L,C,70,16,29,45,3,26,0.64,10,32,3,10,3,3,0,3,157,10.2,17:57,47.3
96,Brock Boeser,20192020,VAN,R,R,57,16,29,45,4,14,0.79,11,31,5,14,0,0,0,3,169,9.5,18:34,36.7
97,Brent Burns,20192020,SJS,R,D,70,12,33,45,-22,34,0.64,7,27,5,17,0,1,1,1,225,5.3,25:25:00,--
98,Nick Schmaltz,20192020,ARI,R,C,70,11,34,45,3,20,0.64,9,32,2,13,0,0,0,2,95,11.6,15:32,42.6
99,Neal Pionk,20192020,WPG,R,D,71,6,39,45,10,32,0.63,3,20,3,25,0,0,0,1,177,3.4,23:23,--
100,Keith Yandle,20192020,FLA,L,D,69,5,40,45,0,20,0.65,3,24,2,21,0,0,0,0,129,3.9,19:42,0
101,Tyler Toffoli,20192020,LAK,R,R,68,24,20,44,-1,20,0.65,19,34,5,10,0,0,1,4,203,11.8,16:51,28.6
102,Brady Tkachuk,20192020,OTT,L,L,71,21,23,44,-14,106,0.62,19,36,2,8,0,0,1,3,259,8.1,18:56,46.2
103,Tom Wilson,20192020,WSH,R,R,68,21,23,44,-3,93,0.65,15,35,5,7,1,2,1,5,154,13.6,18:16,31.6
104,Gabriel Landeskog,20192020,COL,L,L,54,21,23,44,-2,47,0.81,15,29,6,15,0,0,0,4,145,14.5,20:02,56.4
105,Max Domi,20192020,MTL,L,C,71,17,27,44,-3,35,0.62,16,33,1,11,0,0,2,3,179,9.5,17:06,48.9
106,Clayton Keller,20192020,ARI,L,R,70,17,27,44,-6,28,0.63,15,29,2,15,0,0,0,2,184,9.2,16:18,38.1
107,Anthony Cirelli,20192020,TBL,L,C,68,16,28,44,28,30,0.65,14,37,1,5,1,2,1,3,113,14.2,18:27,47.5
108,Kris Letang,20192020,PIT,R,D,61,15,29,44,0,38,0.72,9,29,6,15,0,0,0,2,177,8.5,25:44:00,--
109,Nikita Gusev,20192020,NJD,R,L,66,13,31,44,-15,12,0.67,8,29,5,15,0,0,0,2,158,8.2,14:42,33.3
110,Adam Henrique,20192020,ANA,L,C,71,26,17,43,-2,22,0.61,21,34,5,9,0,0,0,1,169,15.4,16:52,55.1
111,Brendan Gallagher,20192020,MTL,R,R,59,22,21,43,9,29,0.73,21,38,1,5,0,0,0,1,226,9.7,16:55,41.4
112,Jake Guentzel,20192020,PIT,L,L,39,20,23,43,11,14,1.1,14,33,6,10,0,0,1,4,127,15.8,20:38,47.8
113,Anders Lee,20192020,NYI,L,L,68,20,23,43,8,47,0.63,18,36,2,7,0,0,1,6,195,10.3,18:18,45.2
114,Alex Iafallo,20192020,LAK,L,L,70,17,26,43,1,14,0.61,11,34,6,9,0,0,2,3,142,12,18:56,47.8
115,Connor Brown,20192020,OTT,R,R,71,16,27,43,-6,24,0.61,13,37,3,4,0,2,0,1,173,9.3,20:07,42.7
116,Josh Bailey,20192020,NYI,L,R,68,14,29,43,-12,10,0.63,11,33,2,9,1,1,0,2,94,14.9,16:54,50
117,David Krejci,20192020,BOS,R,C,61,13,30,43,14,23,0.7,10,29,3,14,0,0,1,3,83,15.7,17:10,50.3
118,Jean-Gabriel Pageau,20192020,OTT,R,C,67,26,16,42,4,49,0.63,18,26,5,10,3,6,1,5,151,17.2,19:09,53.5
119,Victor Olofsson,20192020,BUF,L,L,54,20,22,42,-1,6,0.78,9,25,11,17,0,0,1,4,127,15.8,18:23,50
120,Rickard Rakell,20192020,ANA,R,L,65,15,27,42,-5,12,0.65,12,30,3,9,0,3,1,2,186,8.1,18:10,76.9
121,Gustav Nyquist,20192020,CBJ,L,C,70,15,27,42,4,16,0.6,11,32,3,9,1,1,1,3,151,9.9,18:02,51.5
122,Matt Duchene,20192020,NSH,L,C,66,13,29,42,-4,24,0.64,8,31,5,11,0,0,0,1,136,9.6,16:53,56.1
123,Ryan Getzlaf,20192020,ANA,R,C,69,13,29,42,-16,58,0.61,10,33,3,9,0,0,1,5,143,9.1,18:44,51.3
124,Robert Thomas,20192020,STL,R,C,66,10,32,42,9,18,0.64,9,35,1,7,0,0,0,2,87,11.5,14:34,42.9
125,Adam Fox,20192020,NYR,R,D,70,8,34,42,22,32,0.6,7,29,1,13,0,0,0,4,125,6.4,18:54,--
126,Kevin Hayes,20192020,PHI,L,C,69,23,18,41,-6,34,0.59,15,30,4,7,4,4,2,5,175,13.1,17:44,50.2
127,Jason Zucker,20192020,MIN,L,L,60,20,21,41,-4,21,0.68,13,29,7,12,0,0,0,4,111,18,16:20,29.3
128,Zach Werenski,20192020,CBJ,L,D,63,20,21,41,9,10,0.65,14,27,5,13,1,1,2,4,187,10.7,23:59,--
129,Mikko Rantanen,20192020,COL,L,R,42,19,22,41,-2,14,0.98,11,27,8,14,0,0,0,5,107,17.8,18:57,58.7
130,Ondrej Palat,20192020,TBL,L,L,69,17,24,41,25,22,0.59,12,32,4,8,1,1,0,2,128,13.3,16:11,33.3
131,Nick Suzuki,20192020,MTL,R,C,71,13,28,41,-15,6,0.58,7,27,6,14,0,0,0,1,138,9.4,15:59,46.3
132,Aaron Ekblad,20192020,FLA,R,D,67,5,36,41,12,26,0.61,5,34,0,6,0,1,1,1,147,3.4,22:59,--
133,Anthony Duclair,20192020,OTT,L,L,66,23,17,40,-5,18,0.61,16,30,5,8,2,2,2,2,184,12.5,16:16,50
134,James van Riemsdyk,20192020,PHI,L,L,66,19,21,40,5,8,0.61,15,31,4,9,0,0,0,2,151,12.6,14:54,34.8
135,Jordan Eberle,20192020,NYI,R,R,58,16,24,40,1,12,0.69,12,29,4,11,0,0,0,1,136,11.8,17:49,33.3
136,Dougie Hamilton,20192020,CAR,R,D,47,14,26,40,30,32,0.85,12,27,2,12,0,1,2,3,170,8.2,23:17,--
137,Jeff Petry,20192020,MTL,R,D,71,11,29,40,-10,26,0.56,7,27,3,12,1,1,2,3,158,7,23:39,--
138,Erik Karlsson,20192020,SJS,R,D,56,6,34,40,-15,16,0.71,4,26,1,13,1,1,0,0,120,5,24:31:00,--
139,Rasmus Dahlin,20192020,BUF,L,D,59,4,36,40,-7,38,0.68,2,21,2,19,0,0,0,1,90,4.4,19:18,--
140,Conor Garland,20192020,ARI,R,R,68,22,17,39,1,20,0.57,18,29,4,10,0,0,0,5,158,13.9,14:09,36.4
141,Jakob Silfverberg,20192020,ANA,R,R,66,21,18,39,0,14,0.59,15,30,4,7,2,2,0,1,155,13.6,17:41,19.5
142,Jamie Benn,20192020,DAL,L,L,69,19,20,39,-4,53,0.57,11,25,8,14,0,0,2,4,163,11.7,16:26,55.8
143,Anthony Beauvillier,20192020,NYI,L,L,68,18,21,39,-11,15,0.57,14,31,3,7,1,1,2,3,132,13.6,17:16,69.2
144,Lars Eller,20192020,WSH,L,C,69,16,23,39,3,48,0.57,13,31,2,6,1,2,1,1,151,10.6,17:01,51.9
145,Logan Couture,20192020,SJS,L,C,52,16,23,39,0,18,0.75,16,28,0,9,0,2,3,3,126,12.7,18:32,44
146,Thomas Chabot,20192020,OTT,L,D,71,6,33,39,-18,42,0.55,6,28,0,11,0,0,0,0,186,3.2,26:00:00,--
147,Tyson Barrie,20192020,TOR,R,D,70,5,34,39,-7,16,0.56,4,27,1,12,0,0,0,0,169,3,21:53,--
148,Christian Dvorak,20192020,ARI,L,C,70,18,20,38,6,12,0.54,12,28,6,10,0,0,1,2,134,13.4,16:42,55.1
149,Paul Stastny,20192020,VGK,L,C,71,17,21,38,6,24,0.54,12,27,5,10,0,1,1,3,136,12.5,17:08,54.8
150,Anthony Mantha,20192020,DET,L,R,43,16,22,38,-7,34,0.88,10,29,6,9,0,0,0,3,137,11.7,18:54,42.1
151,Phil Kessel,20192020,ARI,R,R,70,14,24,38,-21,22,0.54,5,21,9,17,0,0,0,2,153,9.2,17:09,22.2
152,Dylan Strome,20192020,CHI,L,C,58,12,26,38,1,16,0.66,10,30,2,8,0,0,0,2,97,12.4,15:56,47.7
153,Vincent Trocheck,20192020,FLA,R,C,62,11,27,38,-8,49,0.61,9,30,1,7,1,1,1,2,141,7.8,16:44,52.2
154,Ryan Ellis,20192020,NSH,R,D,49,8,30,38,16,19,0.78,6,29,2,9,0,0,2,3,114,7,23:30,--
155,Zach Hyman,20192020,TOR,R,L,51,21,16,37,13,23,0.73,17,30,3,6,1,1,0,1,106,19.8,19:06,43.8
156,Charlie Coyle,20192020,BOS,R,C,70,16,21,37,9,21,0.53,13,30,1,5,2,2,0,3,145,11,16:47,46.6
157,Tyler Ennis,20192020,OTT,L,C,70,16,21,37,-6,20,0.53,11,27,5,10,0,0,0,1,159,10.1,14:43,46.7
158,Mats Zuccarello,20192020,MIN,L,R,65,15,22,37,-9,18,0.57,12,30,3,7,0,0,0,2,96,15.6,15:56,64.3
159,Chris Tierney,20192020,OTT,L,C,71,11,26,37,-6,20,0.52,6,30,1,2,4,5,1,2,102,10.8,17:11,51.2
160,Oliver Bjorkstrand,20192020,CBJ,R,R,49,21,15,36,8,12,0.73,18,30,3,6,0,0,0,5,162,13,17:56,31.6
161,Nazem Kadri,20192020,COL,L,C,51,19,17,36,7,97,0.71,15,25,4,11,0,0,0,1,133,14.3,17:26,56.8
162,Jake Virtanen,20192020,VAN,R,R,69,18,18,36,-4,41,0.52,12,27,6,9,0,0,0,6,150,12,13:05,27.8
163,Martin Necas,20192020,CAR,R,C,64,16,20,36,-6,20,0.56,11,27,5,9,0,0,0,3,88,18.2,14:10,27.1
164,Tomas Hertl,20192020,SJS,L,C,48,16,20,36,-18,16,0.75,12,27,2,7,2,2,0,1,117,13.7,18:27,54.8
165,Shea Weber,20192020,MTL,R,D,65,15,21,36,8,33,0.55,12,28,3,8,0,0,0,2,185,8.1,24:00:00,--
166,Ryan Johansen,20192020,NSH,R,C,68,14,22,36,-5,45,0.53,10,26,3,9,1,1,0,2,101,13.9,17:03,53.2
167,Nico Hischier,20192020,NJD,L,C,58,14,22,36,-16,12,0.62,11,24,2,10,1,2,0,1,123,11.4,18:04,51.7
168,Kasperi Kapanen,20192020,TOR,R,R,69,13,23,36,0,22,0.52,11,31,0,3,2,2,1,2,121,10.7,15:47,13.3
169,Ivan Provorov,20192020,PHI,L,D,69,13,23,36,11,24,0.52,6,19,7,16,0,1,1,3,150,8.7,24:51:00,--
170,Jaccob Slavin,20192020,CAR,L,D,68,6,30,36,30,10,0.53,6,32,0,3,0,1,1,3,145,4.1,23:24,--
171,Jake DeBrusk,20192020,BOS,L,L,65,19,16,35,-1,14,0.54,12,25,7,10,0,0,0,5,161,11.8,16:03,34.6
172,Nick Bonino,20192020,NSH,L,C,67,18,17,35,17,16,0.52,17,34,1,1,0,0,0,3,104,17.3,16:31,52.6
173,Carl Soderberg,20192020,ARI,L,C,70,17,18,35,6,18,0.5,11,24,6,11,0,0,0,1,135,12.6,15:54,45.3
174,Dustin Brown,20192020,LAK,R,R,66,17,18,35,-1,22,0.53,16,30,1,5,0,0,0,1,169,10.1,18:24,43.8
175,Jared McCann,20192020,PIT,L,C,66,14,21,35,6,17,0.53,12,29,2,6,0,0,1,4,150,9.3,15:14,46.4
176,Ryan Pulock,20192020,NYI,R,D,68,10,25,35,8,14,0.51,7,27,3,8,0,0,1,3,163,6.1,22:24,--
177,Miro Heiskanen,20192020,DAL,L,D,68,8,27,35,14,12,0.51,8,28,0,7,0,0,0,0,163,4.9,23:46,--
178,Drew Doughty,20192020,LAK,R,D,67,7,28,35,-16,36,0.52,2,20,5,14,0,1,2,2,141,5,25:49:00,--
179,Frank Vatrano,20192020,FLA,L,C,69,16,18,34,-8,30,0.49,12,30,2,2,2,2,0,4,162,9.9,15:01,30
180,Calle Jarnkrok,20192020,NSH,R,C,64,15,19,34,4,14,0.53,11,23,2,9,2,2,0,1,136,11,15:56,47.1
181,Zack Kassian,20192020,EDM,R,R,59,15,19,34,0,69,0.58,15,34,0,0,0,0,0,1,99,15.2,15:40,33.3
182,Alexander Radulov,20192020,DAL,L,R,60,15,19,34,8,46,0.57,8,24,7,10,0,0,0,3,132,11.4,16:45,28.6
183,Mikhail Sergachev,20192020,TBL,L,D,70,10,24,34,15,58,0.49,4,20,5,13,1,1,0,0,118,8.5,20:22,--
184,Kevin Shattenkirk,20192020,TBL,R,D,70,8,26,34,22,38,0.49,7,27,1,7,0,0,0,0,131,6.1,18:54,--
185,Oscar Klefbom,20192020,EDM,L,D,62,5,29,34,-17,24,0.55,3,16,2,18,0,0,0,0,159,3.1,25:25:00,--
186,Samuel Girard,20192020,COL,L,D,70,4,30,34,1,17,0.49,3,21,1,13,0,0,0,1,96,4.2,21:19,--
187,Brandon Saad,20192020,CHI,L,L,58,21,12,33,2,16,0.57,18,30,1,1,2,2,0,5,140,15,16:45,39.7
188,Brett Connolly,20192020,FLA,R,R,69,19,14,33,-3,26,0.48,15,27,4,6,0,0,0,3,117,16.2,14:30,35.3
189,Roope Hintz,20192020,DAL,L,L,60,19,14,33,3,16,0.55,14,17,3,14,2,2,1,5,120,15.8,14:45,49.9
190,Joonas Donskoi,20192020,COL,R,R,65,16,17,33,2,26,0.51,12,28,4,5,0,0,0,2,111,14.4,16:15,42.9
191,Kevin Labanc,20192020,SJS,R,R,70,14,19,33,-33,38,0.47,11,24,3,9,0,0,0,3,176,8,16:04,16.7
192,Adam Gaudette,20192020,VAN,R,C,59,12,21,33,-7,37,0.56,8,21,4,12,0,0,0,1,75,16,12:23,41.2
193,Mattias Ekholm,20192020,NSH,L,D,68,8,25,33,-1,32,0.49,7,26,0,5,1,2,0,2,154,5.2,23:22,--
194,Matt Niskanen,20192020,PHI,R,D,68,8,25,33,15,29,0.49,3,19,4,13,1,1,0,0,126,6.4,21:54,--
195,Rasmus Ristolainen,20192020,BUF,R,D,69,6,27,33,-2,46,0.48,4,23,2,9,0,1,0,0,128,4.7,22:48,--
196,Alexander Edler,20192020,VAN,L,D,59,5,28,33,13,62,0.56,4,26,1,7,0,0,0,1,118,4.2,22:37,--
197,Darnell Nurse,20192020,EDM,L,D,71,5,28,33,-2,48,0.46,5,28,0,5,0,0,0,1,170,2.9,23:27,--
198,Blake Coleman,20192020,NJD,L,C,66,21,11,32,0,56,0.48,17,25,1,3,3,4,0,2,200,10.5,16:43,31.5
199,Patric Hornqvist,20192020,PIT,R,R,52,17,15,32,9,36,0.62,14,25,3,7,0,0,0,2,168,10.1,15:56,33.3
200,Andrew Mangiapane,20192020,CGY,L,L,68,17,15,32,4,18,0.47,17,31,0,1,0,0,0,2,109,15.6,13:42,27.9
201,Jesper Bratt,20192020,NJD,L,L,60,16,16,32,-6,6,0.53,15,26,1,6,0,0,0,2,101,15.8,13:59,23.1
202,Robby Fabbri,20192020,STL,L,C,61,15,17,32,-33,20,0.52,9,23,6,9,0,0,0,3,111,13.5,16:09,40.3
203,Jared Spurgeon,20192020,MIN,R,D,62,12,20,32,-1,18,0.52,9,19,3,13,0,0,0,2,112,10.7,22:34,0
204,Adrian Kempe,20192020,LAK,L,C,69,11,21,32,-10,29,0.46,7,18,2,10,2,4,1,2,148,7.4,16:01,41.3
205,Derick Brassard,20192020,NYI,L,C,66,10,22,32,-2,16,0.48,7,22,3,10,0,0,0,1,110,9.1,13:42,55.2
206,Pavel Zacha,20192020,NJD,L,C,65,8,24,32,-12,14,0.49,3,20,3,8,2,4,0,1,97,8.3,16:16,43.3
207,John Klingberg,20192020,DAL,R,D,58,6,26,32,-10,22,0.55,4,15,2,17,0,0,0,0,120,5,22:10,--
208,Charlie McAvoy,20192020,BOS,R,D,67,5,27,32,24,41,0.48,4,29,1,2,0,1,1,1,101,5,23:10,--
209,Alex Goligoski,20192020,ARI,L,D,70,4,28,32,8,24,0.46,2,21,2,11,0,0,0,0,101,4,23:03,--
210,James Neal,20192020,EDM,L,L,55,19,12,31,-20,12,0.56,7,14,12,17,0,0,0,2,112,17,16:18,35.5
211,Craig Smith,20192020,NSH,R,R,69,18,13,31,18,34,0.45,14,24,4,7,0,0,0,2,184,9.8,13:25,48.3
212,Vladislav Namestnikov,20192020,NYR,L,C,65,17,14,31,-5,45,0.48,11,21,2,4,4,6,0,2,98,17.4,15:03,46.8
213,Luke Kunin,20192020,MIN,R,C,63,15,16,31,-10,55,0.49,14,28,0,2,1,1,0,1,128,11.7,15:28,44.5
214,Joe Pavelski,20192020,DAL,R,C,67,14,17,31,6,29,0.46,8,19,6,11,0,1,2,3,125,11.2,16:56,53.8
215,Tyler Johnson,20192020,TBL,R,C,65,14,17,31,9,16,0.48,13,24,1,7,0,0,1,2,113,12.4,14:33,49
216,Dominik Kahun,20192020,PIT,L,C,56,12,19,31,8,8,0.55,11,29,1,2,0,0,0,2,87,13.8,13:17,48.3
217,J.T. Compher,20192020,COL,R,C,67,11,20,31,9,18,0.46,10,23,1,5,0,3,1,3,106,10.4,16:45,47.7
218,Rocco Grimaldi,20192020,NSH,R,R,66,10,21,31,10,10,0.47,10,31,0,0,0,0,0,1,122,8.2,12:39,16.7
219,Nick Foligno,20192020,CBJ,L,L,67,10,21,31,-3,62,0.46,8,26,2,4,0,1,0,1,131,7.6,18:40,49.8
220,Kyle Turris,20192020,NSH,R,C,62,9,22,31,-9,22,0.5,7,21,2,10,0,0,0,4,88,10.2,15:25,47.5
221,Filip Hronek,20192020,DET,R,D,65,9,22,31,-38,46,0.48,8,21,1,10,0,0,0,0,125,7.2,23:54,--
222,Damon Severson,20192020,NJD,R,D,69,8,23,31,-20,52,0.45,5,21,3,10,0,0,0,2,114,7,22:58,--
223,Joe Thornton,20192020,SJS,L,C,70,7,24,31,-19,34,0.44,4,23,3,8,0,0,0,1,76,9.2,15:30,49.4
224,Nate Schmidt,20192020,VGK,L,D,59,7,24,31,11,12,0.53,6,24,1,7,0,0,0,0,112,6.3,21:41,--
225,Josh Morrissey,20192020,WPG,L,D,65,5,26,31,1,24,0.48,4,19,1,12,0,0,0,0,120,4.2,22:46,--
226,Mark Giordano,20192020,CGY,L,D,60,5,26,31,2,34,0.52,3,18,2,11,0,2,0,0,157,3.2,23:53,--
227,Mikael Granlund,20192020,NSH,L,C,63,17,13,30,-4,28,0.48,12,23,4,6,1,1,2,4,130,13.1,17:48,48.7
228,Zach Sanford,20192020,STL,L,L,58,16,14,30,13,28,0.52,15,29,1,1,0,0,0,3,90,17.8,13:44,11.1
229,Joel Armia,20192020,MTL,R,R,58,16,14,30,2,28,0.52,10,22,3,4,3,4,0,2,155,10.3,17:14,36.4
230,Warren Foegele,20192020,CAR,L,L,68,13,17,30,9,34,0.44,10,27,0,0,3,3,0,1,129,10.1,13:43,47.4
231,Yanni Gourde,20192020,TBL,L,C,70,10,20,30,-5,49,0.43,7,21,1,6,2,3,1,5,110,9.1,14:04,54.1
232,Marcus Johansson,20192020,BUF,L,C,60,9,21,30,-12,20,0.5,8,24,1,6,0,0,1,1,87,10.3,17:09,40
233,Oliver Ekman-Larsson,20192020,ARI,L,D,66,9,21,30,-3,38,0.45,6,22,2,7,1,1,0,1,135,6.7,23:01,--
234,Seth Jones,20192020,CBJ,R,D,56,6,24,30,10,20,0.54,4,20,2,9,0,1,0,0,126,4.8,25:17:00,--
235,Denis Gurianov,20192020,DAL,L,R,64,20,9,29,5,13,0.45,13,17,7,12,0,0,0,4,132,15.2,12:59,--
236,Tyler Bozak,20192020,STL,R,C,67,13,16,29,0,10,0.43,10,24,2,4,1,1,0,2,109,11.9,15:19,55
237,Jesper Fast,20192020,NYR,R,R,69,12,17,29,16,20,0.42,10,27,0,0,2,2,0,1,84,14.3,16:36,34.6
238,Jack Roslovic,20192020,WPG,R,C,71,12,17,29,4,12,0.41,11,27,1,2,0,0,0,0,117,10.3,14:54,47.3
239,Nino Niederreiter,20192020,CAR,L,R,67,11,18,29,-3,42,0.43,7,18,4,11,0,0,0,2,115,9.6,14:49,25
240,Derek Ryan,20192020,CGY,R,C,68,10,19,29,9,10,0.43,8,23,1,4,1,2,0,0,102,9.8,14:33,52.3
241,Cam Fowler,20192020,ANA,L,D,59,9,20,29,0,20,0.49,7,21,2,8,0,0,0,2,117,7.7,21:59,--
242,Joel Eriksson Ek,20192020,MIN,L,C,62,8,21,29,7,22,0.47,7,27,1,1,0,1,0,4,102,7.8,15:43,46.2
243,Ryan Dzingel,20192020,CAR,L,C,64,8,21,29,3,30,0.45,4,20,4,9,0,0,0,1,98,8.2,14:09,31
244,Erik Gustafsson,20192020,CHI,L,D,66,6,23,29,-9,27,0.44,4,20,2,9,0,0,0,0,103,5.8,20:23,--
245,Viktor Arvidsson,20192020,NSH,R,R,57,15,13,28,-4,26,0.49,11,20,4,8,0,0,0,1,127,11.8,16:12,57.9
246,Derek Stepan,20192020,ARI,R,C,70,10,18,28,-4,16,0.4,8,20,1,7,1,1,1,2,158,6.3,17:39,47.5
247,Colton Parayko,20192020,STL,R,D,64,10,18,28,8,16,0.44,7,22,3,5,0,1,1,1,162,6.2,23:00,--
248,Alexander Kerfoot,20192020,TOR,L,C,65,9,19,28,-2,32,0.43,8,25,1,3,0,0,0,1,88,10.2,14:46,46.9
249,Jordan Greenway,20192020,MIN,L,L,67,8,20,28,2,54,0.42,8,25,0,3,0,0,0,1,93,8.6,14:10,55.6
250,Devon Toews,20192020,NYI,L,D,68,6,22,28,1,16,0.41,5,22,1,6,0,0,1,1,122,4.9,20:31,--
251,Jonas Brodin,20192020,MIN,L,D,69,2,26,28,15,24,0.41,2,25,0,1,0,2,0,0,103,1.9,21:33,--
252,Noel Acciari,20192020,FLA,R,C,66,20,7,27,2,21,0.41,19,26,0,0,1,1,0,5,108,18.5,15:58,48
253,Jeff Carter,20192020,LAK,R,C,60,17,10,27,-21,36,0.45,14,22,3,5,0,0,1,7,182,9.3,16:56,51.2
254,Scott Laughton,20192020,PHI,L,C,49,13,14,27,13,26,0.55,13,27,0,0,0,0,0,2,74,17.6,14:36,53.9
255,Valeri Nichushkin,20192020,COL,L,R,65,13,14,27,26,14,0.42,11,25,1,1,1,1,0,3,113,11.5,14:04,40
256,Artturi Lehkonen,20192020,MTL,L,L,70,13,14,27,2,24,0.39,12,26,0,0,1,1,0,1,140,9.3,15:26,46.2
257,Jordan Staal,20192020,CAR,L,C,68,8,19,27,3,40,0.4,6,24,2,3,0,0,0,0,125,6.4,17:30,54.4
258,Jacob Trouba,20192020,NYR,R,D,70,7,20,27,-12,61,0.39,3,17,4,8,0,2,0,1,168,4.2,22:34,--
259,Dmitry Orlov,20192020,WSH,L,D,69,4,23,27,5,36,0.39,3,21,1,5,0,1,1,2,105,3.8,22:10,--
260,Duncan Keith,20192020,CHI,L,D,61,3,24,27,1,18,0.44,1,16,2,11,0,0,0,0,111,2.7,24:23:00,--
261,Morgan Rielly,20192020,TOR,L,D,47,3,24,27,6,24,0.57,3,20,0,7,0,0,1,2,123,2.4,24:12:00,0
262,Cam Atkinson,20192020,CBJ,R,R,44,12,14,26,2,6,0.59,9,18,3,8,0,0,1,2,148,8.1,17:51,47.4
263,Jakob Chychrun,20192020,ARI,L,D,63,12,14,26,4,38,0.41,7,18,5,8,0,0,0,2,149,8.1,22:26,--
264,Andreas Athanasiou,20192020,DET,L,L,55,11,15,26,-46,30,0.47,8,19,3,7,0,0,0,2,129,8.5,15:51,41.8
265,Ivan Barbashev,20192020,STL,L,C,69,11,15,26,4,23,0.38,9,23,0,0,2,3,0,2,75,14.7,13:27,45.4
266,Chandler Stephenson,20192020,WSH,L,C,65,11,15,26,24,16,0.4,8,21,1,2,2,3,1,5,73,15.1,14:19,45.3
267,Kailer Yamamoto,20192020,EDM,R,R,27,11,15,26,17,12,0.96,9,24,2,2,0,0,0,0,44,25,17:23,100
268,Danton Heinen,20192020,BOS,L,L,67,10,16,26,-2,10,0.39,7,20,3,6,0,0,0,2,109,9.2,14:28,38.5
269,Alex Nylander,20192020,CHI,R,L,65,10,16,26,-2,10,0.4,10,24,0,2,0,0,0,1,94,10.6,12:08,26.3
270,Andrew Copp,20192020,WPG,L,C,63,10,16,26,-3,10,0.41,9,22,1,1,0,3,0,5,121,8.3,17:42,53
271,Ilya Kovalchuk,20192020,LAK,R,L,46,10,16,26,-4,18,0.57,8,21,2,5,0,0,2,3,115,8.7,16:58,33.3
272,Ryan Graves,20192020,COL,L,D,69,9,17,26,40,45,0.38,9,24,0,0,0,2,0,0,134,6.7,18:57,--
273,Barclay Goodrow,20192020,SJS,L,C,70,8,18,26,-8,97,0.37,8,23,0,2,0,1,0,2,102,7.8,15:55,49.2
274,John Marino,20192020,PIT,R,D,56,6,20,26,17,20,0.46,5,22,1,4,0,0,0,0,61,9.8,20:15,--
275,Ian Cole,20192020,COL,L,D,65,4,22,26,21,36,0.4,4,26,0,0,0,0,0,1,92,4.4,17:42,--
276,Lawson Crouse,20192020,ARI,L,L,66,15,10,25,0,33,0.38,14,24,0,0,1,1,0,3,109,13.8,13:35,51.1
277,Derek Grant,20192020,ANA,L,C,56,15,10,25,1,30,0.45,10,18,2,2,3,5,0,5,94,16,13:55,51.6
278,Lucas Wallmark,20192020,CAR,L,C,67,12,13,25,0,18,0.37,9,18,3,6,0,1,0,0,84,14.3,12:47,50.3
279,Matt Calvert,20192020,COL,L,L,50,12,13,25,13,39,0.5,9,21,0,0,3,4,0,1,89,13.5,14:05,46.2
280,Marcus Foligno,20192020,MIN,L,L,59,11,14,25,8,30,0.42,11,25,0,0,0,0,0,0,86,12.8,14:35,37.5
281,Brandon Tanev,20192020,PIT,L,L,68,11,14,25,-1,16,0.37,9,21,0,1,2,3,2,4,95,11.6,14:45,40
282,Nick Cousins,20192020,MTL,L,C,65,10,15,25,0,35,0.38,7,20,3,5,0,0,0,0,115,8.7,13:31,48
283,Jason Spezza,20192020,TOR,R,C,58,9,16,25,-3,18,0.43,7,18,2,7,0,0,0,0,73,12.3,10:50,54
284,Travis Zajac,20192020,NJD,R,C,69,9,16,25,-12,28,0.36,7,21,1,1,1,3,0,1,72,12.5,17:06,52.8
285,Wayne Simmonds,20192020,NJD,R,R,68,8,17,25,-21,66,0.37,3,16,5,9,0,0,0,1,119,6.7,14:55,39.2
286,Travis Sanheim,20192020,PHI,L,D,69,8,17,25,4,32,0.36,8,21,0,4,0,0,0,0,110,7.3,20:09,--
287,Carl Hagelin,20192020,WSH,L,L,58,8,17,25,12,16,0.43,7,22,0,0,1,3,0,2,107,7.5,14:19,46.4
288,Erik Haula,20192020,CAR,L,L,48,12,12,24,1,22,0.5,8,16,4,8,0,0,0,2,92,13,15:50,54.1
289,Boone Jenner,20192020,CBJ,L,C,70,11,13,24,-14,36,0.34,9,19,2,4,0,1,0,1,179,6.2,18:07,55.2
290,Alex Chiasson,20192020,EDM,R,R,65,11,13,24,-3,42,0.37,5,11,6,13,0,0,1,3,97,11.3,13:07,0
291,Brady Skjei,20192020,NYR,L,D,67,8,16,24,-10,45,0.36,8,22,0,0,0,2,0,1,139,5.8,20:41,--
292,Alex Galchenyuk,20192020,PIT,L,L,59,8,16,24,-5,16,0.41,6,17,2,7,0,0,0,0,86,9.3,12:18,51.2
293,Ondrej Kase,20192020,ANA,R,R,55,7,17,24,-7,14,0.44,6,21,0,2,1,1,0,0,144,4.9,16:33,20.7
294,Matt Dumba,20192020,MIN,R,D,69,6,18,24,-7,41,0.35,5,15,1,8,0,1,1,1,167,3.6,22:30,--
295,Sean Walker,20192020,LAK,R,D,70,5,19,24,-12,26,0.34,5,19,0,5,0,0,0,0,127,3.9,18:50,--
296,Jake Gardiner,20192020,CAR,L,D,68,4,20,24,-24,30,0.35,3,13,1,11,0,0,1,2,87,4.6,16:40,--
297,Filip Chytil,20192020,NYR,L,C,60,14,9,23,-7,10,0.38,13,20,1,3,0,0,0,2,114,12.3,14:50,38.5
298,Jeff Skinner,20192020,BUF,L,L,59,14,9,23,-22,18,0.39,14,20,0,3,0,0,0,1,183,7.7,16:29,37.2
299,Ryan Donato,20192020,MIN,L,C,62,14,9,23,5,12,0.37,14,21,0,2,0,0,0,1,95,14.7,10:38,39.2
300,Oskar Sundqvist,20192020,STL,R,C,57,12,11,23,5,28,0.4,11,21,0,0,1,2,0,1,97,12.4,14:23,44.3
301,Miles Wood,20192020,NJD,L,L,68,11,12,23,-19,57,0.34,11,23,0,0,0,0,0,1,141,7.8,13:14,0
302,Kaapo Kakko,20192020,NYR,L,R,66,10,13,23,-26,14,0.35,8,10,2,13,0,0,1,3,109,9.2,14:17,33.3
303,Conor Sheary,20192020,BUF,L,L,63,10,13,23,-5,10,0.37,9,20,1,3,0,0,0,1,102,9.8,13:06,25
304,Pat Maroon,20192020,TBL,L,L,64,9,14,23,4,71,0.36,8,20,1,3,0,0,0,1,80,11.3,12:25,66.7
305,Vince Dunn,20192020,STL,L,D,71,9,14,23,15,27,0.32,5,13,4,10,0,0,0,1,138,6.5,16:16,--
306,Ilya Mikheyev,20192020,TOR,L,R,39,8,15,23,7,4,0.59,7,22,0,0,1,1,0,1,98,8.2,15:35,75
307,Tyson Jost,20192020,COL,L,C,67,8,15,23,11,22,0.34,7,18,1,5,0,0,0,0,115,7,12:46,33.3
308,Kirby Dach,20192020,CHI,R,C,64,8,15,23,-1,24,0.36,8,20,0,3,0,0,0,2,101,7.9,14:16,33.8
309,Sonny Milano,20192020,CBJ,L,L,55,7,16,23,-7,26,0.42,6,20,1,3,0,0,1,2,75,9.3,13:06,--
310,Colin White,20192020,OTT,R,C,61,7,16,23,-12,39,0.38,6,19,1,4,0,0,0,0,83,8.4,15:42,47.4
311,Sean Kuraly,20192020,BOS,L,C,69,6,17,23,-2,34,0.33,6,21,0,1,0,1,0,0,95,6.3,13:17,48.8
312,Blake Lizotte,20192020,LAK,L,C,65,6,17,23,-4,20,0.35,2,17,2,3,2,3,0,0,87,6.9,13:58,50.2
313,Jake Muzzin,20192020,TOR,L,D,53,6,17,23,12,40,0.43,6,22,0,0,0,1,0,1,99,6.1,21:36,--
314,Sami Vatanen,20192020,NJD,R,D,47,5,18,23,-12,22,0.49,4,12,1,10,0,1,0,0,95,5.3,21:45,--
315,Esa Lindell,20192020,DAL,L,D,69,3,20,23,5,12,0.33,2,13,1,7,0,3,1,2,98,3.1,23:25,--
316,Patrick Marleau,20192020,SJS,L,C,66,11,11,22,-5,14,0.33,10,21,1,1,0,0,1,3,117,9.4,15:35,47.4
317,Richard Panik,20192020,WSH,L,R,59,9,13,22,16,36,0.37,9,22,0,0,0,0,0,1,67,13.4,11:20,57.9
318,Teddy Blueger,20192020,PIT,L,C,69,9,13,22,2,25,0.32,9,20,0,0,0,2,0,2,102,8.8,15:49,45.2
319,Pierre-Edouard Bellemare,20192020,COL,L,C,69,9,13,22,2,17,0.32,7,18,0,0,2,4,0,0,85,10.6,13:25,53
320,Dominik Simon,20192020,PIT,L,C,64,7,15,22,-9,12,0.34,7,21,0,1,0,0,0,0,102,6.9,14:25,35.7
321,Sam Steel,20192020,ANA,L,C,65,6,16,22,-13,20,0.34,5,14,1,8,0,0,1,1,85,7.1,15:33,50.3
322,Vinnie Hinostroza,20192020,ARI,R,C,68,5,17,22,1,14,0.32,5,20,0,1,0,1,0,0,132,3.8,13:06,42.6
323,Alex Wennberg,20192020,CBJ,L,C,57,5,17,22,-5,16,0.39,4,17,1,5,0,0,0,1,72,6.9,16:41,46
324,Rasmus Andersson,20192020,CGY,R,D,70,5,17,22,-7,57,0.31,5,18,0,4,0,0,0,0,124,4,19:56,--
325,Noah Hanifin,20192020,CGY,L,D,70,5,17,22,-12,12,0.31,4,17,1,5,0,0,0,0,132,3.8,21:10,--
326,Marcus Pettersson,20192020,PIT,L,D,69,2,20,22,9,35,0.32,2,20,0,2,0,0,0,0,79,2.5,19:24,--
327,Hampus Lindholm,20192020,ANA,L,D,55,2,20,22,-10,34,0.4,1,12,1,8,0,2,0,1,109,1.8,23:04,--
328,Josh Archibald,20192020,EDM,R,R,62,12,9,21,-8,12,0.34,10,18,0,0,2,3,1,3,64,18.8,13:14,0
329,Ben Chiarot,20192020,MTL,L,D,69,9,12,21,5,61,0.3,9,21,0,0,0,0,2,3,130,6.9,23:08,--
330,Jason Dickinson,20192020,DAL,L,C,65,9,12,21,7,6,0.32,9,20,0,0,0,1,0,1,85,10.6,14:59,43.9
331,Nick Ritchie,20192020,ANA,L,L,48,9,12,21,1,97,0.44,7,18,2,3,0,0,0,2,78,11.5,14:09,12.5
332,Matt Nieto,20192020,COL,L,L,70,8,13,21,7,6,0.3,6,19,0,0,2,2,0,3,85,9.4,13:30,40
333,Joel Farabee,20192020,PHI,L,L,52,8,13,21,6,39,0.4,7,19,1,2,0,0,0,1,81,9.9,14:06,30
334,Andreas Johnsson,20192020,TOR,L,L,43,8,13,21,0,14,0.49,4,16,4,5,0,0,0,1,78,10.3,15:45,0
335,Jack Hughes,20192020,NJD,L,C,61,7,14,21,-26,10,0.34,3,12,4,9,0,0,1,2,123,5.7,15:52,36.2
336,Mattias Janmark,20192020,DAL,L,C,62,6,15,21,-5,12,0.34,4,14,1,5,1,2,0,0,86,7,14:37,43.5
337,Valtteri Filppula,20192020,DET,L,C,70,6,15,21,-42,24,0.3,4,15,1,5,1,1,0,0,63,9.5,16:37,44.9
338,Tyler Myers,20192020,VAN,R,D,68,6,15,21,-7,49,0.31,4,13,1,7,1,1,0,1,134,4.5,21:30,--
339,Corey Perry,20192020,DAL,R,R,57,5,16,21,-2,70,0.37,4,14,1,7,0,0,0,0,77,6.5,13:43,40
340,Ethan Bear,20192020,EDM,R,D,71,5,16,21,-4,33,0.3,4,19,1,2,0,0,0,1,99,5.1,21:58,--
341,Mikko Koivu,20192020,MIN,L,C,55,4,17,21,2,28,0.38,3,13,1,7,0,1,0,0,74,5.4,15:34,53.1
342,Will Butcher,20192020,NJD,L,D,56,4,17,21,-8,6,0.38,4,20,0,1,0,0,0,1,62,6.5,17:55,--
343,Matt Grzelcyk,20192020,BOS,L,D,68,4,17,21,15,34,0.31,3,13,1,7,0,1,0,1,112,3.6,18:04,--
344,Nick Leddy,20192020,NYI,L,D,60,3,18,21,-1,14,0.35,2,17,1,4,0,0,0,0,72,4.2,21:07,--
345,Artem Anisimov,20192020,OTT,L,C,49,15,5,20,-15,8,0.41,10,14,5,6,0,0,1,1,87,17.2,13:51,50
346,Radek Faksa,20192020,DAL,L,C,66,11,9,20,-6,42,0.3,8,17,3,3,0,0,0,3,109,10.1,15:53,49.9
347,Emil Bemstrom,20192020,CBJ,R,C,56,10,10,20,-10,8,0.36,5,12,5,8,0,0,1,4,97,10.3,12:16,30.8
348,Jimmy Vesey,20192020,BUF,L,L,64,9,11,20,12,15,0.31,8,18,0,1,1,1,0,2,93,9.7,13:48,0
349,Ryan Hartman,20192020,MIN,R,R,69,9,11,20,4,69,0.29,8,19,1,1,0,0,0,1,114,7.9,12:15,54.6
350,Nick Paul,20192020,OTT,L,L,56,9,11,20,0,24,0.36,9,19,0,1,0,0,0,2,103,8.7,14:27,51.2
351,Michael Raffl,20192020,PHI,L,L,58,8,12,20,-2,14,0.34,7,18,0,1,1,1,0,2,66,12.1,12:22,50.3
352,Tyler Pitlick,20192020,PHI,R,C,63,8,12,20,11,12,0.32,8,20,0,0,0,0,0,1,76,10.5,12:03,27.8
353,Mike Matheson,20192020,FLA,L,D,59,8,12,20,-1,14,0.34,7,18,1,2,0,0,0,1,104,7.7,18:02,--
354,Milan Lucic,20192020,CGY,L,L,68,8,12,20,-6,54,0.29,3,12,5,8,0,0,0,1,83,9.6,13:20,43.5
355,Joel Edmundson,20192020,CAR,L,D,68,7,13,20,7,72,0.29,7,20,0,0,0,0,0,0,97,7.2,18:27,--
356,Christopher Tanev,20192020,VAN,R,D,69,2,18,20,4,41,0.29,2,18,0,1,0,1,1,1,45,4.4,19:32,--
357,Zemgus Girgensons,20192020,BUF,L,C,69,12,7,19,-1,10,0.28,11,18,0,0,1,1,0,1,85,14.1,13:48,41.1
358,Brett Howden,20192020,NYR,L,C,70,9,10,19,-11,28,0.27,8,15,1,2,0,2,0,2,64,14.1,13:09,48.2
359,Anders Bjork,20192020,BOS,L,L,58,9,10,19,5,10,0.33,8,18,1,1,0,0,0,0,66,13.6,12:56,33.3
360,Kyle Okposo,20192020,BUF,R,R,52,9,10,19,-3,28,0.37,8,18,1,1,0,0,0,2,82,11,12:51,53.5
361,Brad Hunt,20192020,MIN,L,D,59,8,11,19,-7,6,0.32,5,9,3,10,0,0,0,0,106,7.6,15:08,--
362,Carter Rowney,20192020,ANA,R,C,71,8,11,19,5,14,0.27,6,15,0,0,2,4,0,1,63,12.7,12:49,45.6
363,Josh Leivo,20192020,VAN,R,L,36,7,12,19,0,4,0.53,7,14,0,5,0,0,0,0,69,10.1,15:01,58.8
364,William Carrier,20192020,VGK,L,L,71,7,12,19,0,39,0.27,7,19,0,0,0,0,0,1,99,7.1,9:52,64.3
365,Connor Murphy,20192020,CHI,R,D,58,5,14,19,2,27,0.33,5,18,0,0,0,1,0,0,117,4.3,21:15,--
366,Anton Stralman,20192020,FLA,R,D,69,5,14,19,-6,14,0.28,5,18,0,0,0,1,0,3,89,5.6,21:04,--
367,TJ Brodie,20192020,CGY,L,D,64,4,15,19,7,36,0.3,4,18,0,1,0,0,1,1,65,6.2,20:27,--
368,Brandon Carlo,20192020,BOS,R,D,67,4,15,19,16,33,0.28,4,19,0,0,0,0,0,0,111,3.6,20:29,--
369,Justin Braun,20192020,PHI,R,D,62,3,16,19,-2,18,0.31,3,18,0,1,0,0,0,0,70,4.3,17:16,--
370,Oskar Lindblom,20192020,PHI,L,L,30,11,7,18,4,4,0.6,8,14,3,4,0,0,0,0,72,15.3,17:37,40.6
371,Mark Pysyk,20192020,FLA,R,D,58,9,9,18,4,20,0.31,9,18,0,0,0,0,0,1,64,14.1,12:45,50
372,MacKenzie Weegar,20192020,FLA,R,D,45,7,11,18,6,33,0.4,7,18,0,0,0,0,0,1,77,9.1,20:07,--
373,Cedric Paquette,20192020,TBL,L,C,61,7,11,18,-1,42,0.3,6,16,0,0,1,2,0,0,78,9,13:03,50.9
374,P.K. Subban,20192020,NJD,R,D,68,7,11,18,-21,79,0.26,5,12,2,6,0,0,0,3,151,4.6,22:07,--
375,Mark Borowiecki,20192020,OTT,L,D,53,7,11,18,1,58,0.34,6,17,0,0,1,1,0,0,63,11.1,17:56,--
376,Marcus Sorensen,20192020,SJS,L,L,66,7,11,18,-12,26,0.27,6,17,0,0,1,1,0,0,78,9,13:51,15
377,Johan Larsson,20192020,BUF,L,C,62,6,12,18,8,26,0.29,6,18,0,0,0,0,0,0,60,10,14:54,48.2
378,Brendan Lemieux,20192020,NYR,L,L,59,6,12,18,-14,111,0.31,3,11,2,5,1,2,0,0,86,7,12:52,36.7
379,Vladislav Gavrikov,20192020,CBJ,L,D,69,5,13,18,1,18,0.26,5,18,0,0,0,0,0,1,81,6.2,18:59,--
380,Brandon Montour,20192020,BUF,R,D,54,5,13,18,13,28,0.33,5,16,0,2,0,0,0,0,86,5.8,19:30,--
381,Matt Roy,20192020,LAK,R,D,70,4,14,18,16,10,0.26,4,17,0,1,0,0,0,0,112,3.6,18:07,--
382,Brett Pesce,20192020,CAR,R,D,61,4,14,18,7,27,0.3,4,16,0,0,0,2,0,0,104,3.9,21:53,--
383,Michal Kempny,20192020,WSH,L,D,58,3,15,18,19,22,0.31,3,18,0,0,0,0,0,0,73,4.1,18:38,--
384,Justin Holl,20192020,TOR,R,D,68,2,16,18,13,43,0.26,2,18,0,0,0,0,0,0,89,2.3,18:31,--
385,Alex Tuch,20192020,VGK,R,R,42,8,9,17,-10,8,0.4,5,10,3,7,0,0,0,2,98,8.2,14:37,28.6
386,Brandon Sutter,20192020,VAN,R,C,44,8,9,17,1,25,0.39,7,14,1,3,0,0,0,0,76,10.5,14:51,48.9
387,Alexander Steen,20192020,STL,L,L,55,7,10,17,7,12,0.31,7,16,0,1,0,0,0,0,71,9.9,14:02,53.3
388,Brock McGinn,20192020,CAR,L,L,68,7,10,17,-4,17,0.25,5,15,0,0,2,2,0,1,93,7.5,13:12,38.5
389,Kyle Clifford,20192020,LAK,L,L,69,7,10,17,-7,68,0.25,7,17,0,0,0,0,0,0,110,6.4,11:11,60
390,Troy Stecher,20192020,VAN,R,D,69,5,12,17,10,32,0.25,5,17,0,0,0,0,0,0,86,5.8,15:21,--
391,Olli Maatta,20192020,CHI,L,D,65,4,13,17,0,20,0.26,4,15,0,0,0,2,0,0,80,5,18:25,--
392,Madison Bowey,20192020,DET,R,D,53,3,14,17,-16,34,0.32,3,16,0,1,0,0,0,0,70,4.3,17:54,--
393,Garnet Hathaway,20192020,WSH,R,R,66,9,7,16,6,79,0.24,9,15,0,0,0,1,0,1,80,11.3,10:47,31
394,Darren Helm,20192020,DET,L,L,68,9,7,16,-6,37,0.24,8,14,0,0,1,2,0,0,102,8.8,13:44,53.6
395,Blake Comeau,20192020,DAL,R,L,55,8,8,16,-6,36,0.29,7,14,0,0,1,2,0,2,74,10.8,14:56,43.8
396,David Kampf,20192020,CHI,L,C,70,8,8,16,-11,8,0.23,7,15,0,0,1,1,0,2,90,8.9,13:40,52.3
397,Michael Amadio,20192020,LAK,R,C,68,6,10,16,-11,10,0.24,6,13,0,3,0,0,0,0,99,6.1,13:01,48.3
398,Dillon Dube,20192020,CGY,L,C,45,6,10,16,0,6,0.36,5,14,1,2,0,0,0,2,60,10,12:41,0
399,Colton Sceviour,20192020,FLA,R,C,69,6,10,16,2,6,0.23,6,16,0,0,0,0,0,0,114,5.3,13:15,43.9
400,Justin Faulk,20192020,STL,R,D,69,5,11,16,-3,32,0.23,4,12,1,3,0,1,0,1,147,3.4,20:34,--
401,Philippe Myers,20192020,PHI,R,D,50,4,12,16,17,30,0.32,4,16,0,0,0,0,0,0,78,5.1,17:06,--
402,Tucker Poolman,20192020,WPG,R,D,57,4,12,16,-1,24,0.28,3,15,0,0,1,1,0,1,64,6.3,17:27,--
403,Ben Hutton,20192020,LAK,L,D,65,4,12,16,5,14,0.25,4,16,0,0,0,0,0,1,114,3.5,18:16,--
404,Erik Johnson,20192020,COL,R,D,59,3,13,16,9,20,0.27,3,16,0,0,0,0,0,1,99,3,21:03,--
405,Alec Martinez,20192020,LAK,L,D,51,3,13,16,-4,23,0.31,3,12,0,4,0,0,0,0,75,4,21:30,--
406,Mike Reilly,20192020,MTL,L,D,44,1,15,16,-6,24,0.36,0,6,1,9,0,1,0,1,85,1.2,18:01,--
407,Drake Caggiula,20192020,CHI,L,C,40,9,6,15,-3,32,0.38,8,13,1,1,0,1,0,0,56,16.1,11:49,28.6
408,Colton Sissons,20192020,NSH,R,C,57,9,6,15,-2,20,0.26,8,14,0,0,1,1,0,2,52,17.3,14:20,51.3
409,Jordan Weal,20192020,MTL,R,C,49,8,7,15,-8,14,0.31,6,10,2,5,0,0,0,2,86,9.3,13:37,49.7
410,Ryan Reaves,20192020,VGK,R,R,71,8,7,15,-5,47,0.21,8,15,0,0,0,0,0,1,61,13.1,10:09,46.2
411,Pierre Engvall,20192020,TOR,L,L,48,8,7,15,4,6,0.31,7,13,0,0,1,2,0,3,72,11.1,11:56,39.1
412,Filip Zadina,20192020,DET,L,R,28,8,7,15,-13,2,0.54,4,8,4,7,0,0,0,1,60,13.3,15:10,100
413,Tomas Nosek,20192020,VGK,L,L,67,8,7,15,-2,20,0.22,7,14,0,0,1,1,0,1,93,8.6,11:36,50.1
414,Riley Sheahan,20192020,EDM,L,C,66,8,7,15,-13,6,0.23,7,13,0,0,1,2,0,1,70,11.4,12:48,49
415,Jonathan Drouin,20192020,MTL,L,L,27,7,8,15,-6,14,0.56,6,11,1,4,0,0,0,1,51,13.7,15:42,33.3
416,Nic Dowd,20192020,WSH,R,C,56,7,8,15,11,28,0.27,4,12,0,0,3,3,0,1,52,13.5,10:50,49.7
417,Mathieu Perreault,20192020,WPG,L,L,49,7,8,15,-9,10,0.31,5,13,2,2,0,0,0,0,71,9.9,13:06,68.4
418,Nicolas Aube-Kubel,20192020,PHI,R,R,36,7,8,15,1,19,0.42,5,12,2,3,0,0,0,1,48,14.6,11:17,33.3
419,Brian Boyle,20192020,FLA,L,C,39,6,9,15,-5,17,0.38,5,14,1,1,0,0,0,1,56,10.7,12:23,52.4
420,Cody Eakin,20192020,VGK,L,C,49,5,10,15,-3,16,0.31,5,14,0,1,0,0,0,1,61,8.2,14:35,48.5
421,Marc-Edouard Vlasic,20192020,SJS,L,D,70,5,10,15,-10,10,0.21,4,14,0,0,1,1,0,1,74,6.8,20:18,--
422,Henri Jokiharju,20192020,BUF,R,D,69,4,11,15,-6,32,0.22,3,13,1,2,0,0,0,0,78,5.1,17:13,--
423,Nate Thompson,20192020,MTL,L,C,70,4,11,15,-1,30,0.21,4,14,0,0,0,1,0,1,67,6,12:47,55
424,Troy Terry,20192020,ANA,R,R,47,4,11,15,-5,6,0.32,4,13,0,2,0,0,0,0,73,5.5,14:31,37.5
425,Ryan Carpenter,20192020,CHI,R,C,69,3,12,15,-6,28,0.22,2,12,0,0,1,3,0,0,80,3.8,14:04,43.1
426,Michael Del Zotto,20192020,ANA,L,D,49,2,13,15,5,14,0.31,2,14,0,1,0,0,0,0,57,3.5,18:43,--
427,Radko Gudas,20192020,WSH,R,D,63,2,13,15,15,40,0.24,2,15,0,0,0,0,0,1,90,2.2,16:44,--
428,Casey Cizikas,20192020,NYI,L,C,48,10,4,14,12,41,0.29,7,9,0,0,3,5,0,1,67,14.9,14:18,53.5
429,Carson Soucy,20192020,MIN,L,D,55,7,7,14,16,18,0.25,6,13,0,0,1,1,0,1,61,11.5,15:38,--
430,Austin Watson,20192020,NSH,R,L,53,6,8,14,-9,65,0.26,6,12,0,0,0,2,0,1,50,12,11:37,50
431,Michael Frolik,20192020,CGY,L,R,57,6,8,14,-12,28,0.25,4,11,0,0,2,3,0,1,70,8.6,12:26,28.6
432,Nick Holden,20192020,VGK,L,D,61,6,8,14,-1,13,0.23,5,12,1,1,0,1,0,0,101,5.9,18:51,--
433,Riley Nash,20192020,CBJ,R,C,64,5,9,14,6,10,0.22,4,13,0,0,1,1,0,1,64,7.8,11:51,47.9
434,Zdeno Chara,20192020,BOS,L,D,68,5,9,14,26,60,0.21,5,14,0,0,0,0,0,2,86,5.8,21:01,--
435,Nikolai Prokhorkin,20192020,LAK,L,L,43,4,10,14,-6,6,0.33,4,11,0,3,0,0,0,1,63,6.4,12:06,47.6
436,Leo Komarov,20192020,NYI,L,R,48,4,10,14,2,10,0.29,4,13,0,0,0,1,0,1,46,8.7,12:36,39.5
437,Haydn Fleury,20192020,CAR,L,D,45,4,10,14,-2,8,0.31,4,13,0,0,0,1,0,0,65,6.2,13:40,--
438,Andrew Cogliano,20192020,DAL,L,C,68,3,11,14,2,30,0.21,3,14,0,0,0,0,0,0,68,4.4,12:28,46
439,Andy Greene,20192020,NJD,L,D,63,2,12,14,1,16,0.22,2,11,0,1,0,2,0,0,60,3.3,19:33,--
440,Brenden Dillon,20192020,SJS,L,D,69,1,13,14,-2,104,0.2,1,13,0,0,0,1,0,0,58,1.7,19:27,--
441,Ryan Lindgren,20192020,NYR,L,D,60,1,13,14,16,47,0.23,1,14,0,0,0,0,0,0,47,2.1,16:34,--
442,Carter Verhaeghe,20192020,TBL,L,C,52,9,4,13,-9,8,0.25,8,12,1,1,0,0,0,1,57,15.8,9:22,45.2
443,Nicolas Deslauriers,20192020,ANA,L,L,59,7,6,13,-1,92,0.22,7,13,0,0,0,0,0,1,64,10.9,9:47,--
444,Antoine Roussel,20192020,VAN,L,L,41,7,6,13,0,43,0.32,6,11,1,2,0,0,0,1,55,12.7,11:50,50
445,Sammy Blais,20192020,STL,L,L,40,6,7,13,-2,20,0.33,6,13,0,0,0,0,0,1,56,10.7,12:35,--
446,Sam Gagner,20192020,EDM,R,C,42,6,7,13,-10,12,0.31,4,10,2,3,0,0,0,0,79,7.6,13:21,44.1
447,Zach Aston-Reese,20192020,PIT,L,C,57,6,7,13,6,28,0.23,5,12,0,0,1,1,0,0,98,6.1,14:25,30.4
448,Loui Eriksson,20192020,VAN,L,L,49,6,7,13,-2,12,0.27,6,13,0,0,0,0,0,0,59,10.2,12:22,100
449,Sam Lafferty,20192020,PIT,R,C,50,6,7,13,5,23,0.26,6,13,0,0,0,0,0,1,56,10.7,9:37,49.6
450,Alexandre Texier,20192020,CBJ,L,C,36,6,7,13,3,10,0.36,6,12,0,1,0,0,1,1,49,12.2,12:45,36.5
451,Victor Rask,20192020,MIN,L,C,43,5,8,13,7,6,0.3,5,13,0,0,0,0,0,2,38,13.2,10:29,44.1
452,Scott Mayfield,20192020,NYI,R,D,67,5,8,13,8,53,0.19,5,11,0,0,0,2,0,1,98,5.1,19:57,--
453,Adam Boqvist,20192020,CHI,R,D,41,4,9,13,-3,6,0.32,4,11,0,2,0,0,0,1,50,8,16:13,--
454,Nikita Zadorov,20192020,COL,L,D,64,4,9,13,6,65,0.2,4,13,0,0,0,0,0,0,65,6.2,17:46,--
455,Marco Scandella,20192020,BUF,L,D,62,4,9,13,14,20,0.21,4,13,0,0,0,0,0,0,77,5.2,17:35,--
456,Robert Hagg,20192020,PHI,L,D,49,3,10,13,14,30,0.27,2,12,1,1,0,0,0,0,38,7.9,15:36,--
457,Jordan Oesterle,20192020,ARI,L,D,58,3,10,13,-9,14,0.22,3,11,0,2,0,0,0,0,69,4.4,17:01,--
458,Jake McCabe,20192020,BUF,L,D,66,3,10,13,-11,41,0.2,2,12,0,0,1,1,0,1,75,4,18:32,--
459,Jordan Martinook,20192020,CAR,L,L,45,2,11,13,-2,22,0.29,2,11,0,0,0,2,0,1,44,4.6,11:16,51.6
460,Max Jones,20192020,ANA,L,L,59,8,4,12,-6,36,0.2,7,10,0,1,1,1,0,0,102,7.8,14:16,40.7
461,Sam Bennett,20192020,CGY,L,C,52,8,4,12,-1,36,0.23,8,11,0,1,0,0,0,0,82,9.8,12:31,51.7
462,Eric Robinson,20192020,CBJ,L,L,50,7,5,12,10,12,0.24,7,12,0,0,0,0,0,3,69,10.1,10:57,36.4
463,Frederik Gauthier,20192020,TOR,L,C,61,7,5,12,-4,10,0.2,7,12,0,0,0,0,0,0,42,16.7,9:23,54.7
464,Melker Karlsson,20192020,SJS,R,C,61,6,6,12,-7,20,0.2,6,12,0,0,0,0,0,0,56,10.7,12:16,45.2
465,Trevor Lewis,20192020,LAK,R,C,56,6,6,12,-7,16,0.21,6,12,0,0,0,0,0,1,92,6.5,11:54,38.8
466,Devin Shore,20192020,ANA,L,C,45,5,7,12,-10,8,0.27,5,10,0,2,0,0,0,1,50,10,11:39,47
467,Erik Cernak,20192020,TBL,R,D,67,5,7,12,11,59,0.18,5,12,0,0,0,0,0,1,125,4,18:57,--
468,Shayne Gostisbehere,20192020,PHI,L,D,42,5,7,12,-4,20,0.29,4,7,1,5,0,0,0,1,73,6.9,18:18,--
469,Cody Glass,20192020,VGK,R,C,39,5,7,12,-7,6,0.31,4,6,1,6,0,0,0,1,51,9.8,13:22,42
470,Denis Malgin,20192020,FLA,R,C,44,4,8,12,-9,14,0.27,3,10,1,1,0,1,0,0,50,8,11:59,39.9
471,Justin Schultz,20192020,PIT,R,D,46,3,9,12,-13,6,0.26,3,6,0,6,0,0,0,0,86,3.5,19:52,--
472,Travis Hamonic,20192020,CGY,R,D,50,3,9,12,-3,27,0.24,3,12,0,0,0,0,0,0,83,3.6,21:12,--
473,Nikita Zaitsev,20192020,OTT,R,D,58,1,11,12,-8,22,0.21,1,12,0,0,0,0,0,0,64,1.6,22:09,--
474,Ron Hainsey,20192020,OTT,L,D,64,1,11,12,10,12,0.19,1,9,0,0,0,3,0,1,43,2.3,20:41,--
475,Ryan McDonagh,20192020,TBL,L,D,50,1,11,12,7,19,0.24,1,11,0,0,0,1,0,0,50,2,20:42,--
476,Michael Grabner,20192020,ARI,L,L,46,8,3,11,-4,6,0.24,7,10,0,0,1,1,0,0,61,13.1,12:22,0
477,Justin Williams,20192020,CAR,R,R,20,8,3,11,2,6,0.55,6,8,2,3,0,0,0,2,60,13.3,13:37,30
478,Austin Wagner,20192020,LAK,L,L,65,6,5,11,-5,39,0.17,6,11,0,0,0,0,0,0,124,4.8,11:45,33.3
479,Brad Richardson,20192020,ARI,L,R,59,6,5,11,1,20,0.19,5,9,0,0,1,2,0,3,76,7.9,13:39,54
480,Dylan Gambrell,20192020,SJS,R,C,50,5,6,11,-8,17,0.22,5,10,0,1,0,0,0,1,43,11.6,11:57,46
481,Max Comtois,20192020,ANA,L,L,29,5,6,11,-4,24,0.38,3,8,2,3,0,0,0,0,32,15.6,13:58,18.8
482,Dante Fabbro,20192020,NSH,R,D,64,5,6,11,-7,38,0.17,4,10,1,1,0,0,0,0,92,5.4,19:02,--
483,Zack Smith,20192020,CHI,L,C,50,4,7,11,2,29,0.22,3,9,0,0,1,2,0,1,43,9.3,11:47,46.3
484,Travis Dermott,20192020,TOR,L,D,56,4,7,11,14,37,0.2,4,11,0,0,0,0,0,1,65,6.2,17:19,--
485,Dominic Toninato,20192020,FLA,L,C,46,4,7,11,4,37,0.24,4,11,0,0,0,0,0,0,38,10.5,11:09,47.1
486,Victor Mete,20192020,MTL,L,D,51,4,7,11,5,20,0.22,4,10,0,1,0,0,0,1,57,7,16:00,--
487,Mike Green,20192020,DET,R,D,50,3,8,11,-34,32,0.22,2,7,1,4,0,0,0,1,76,4,20:53,--
488,Brendan Leipsic,20192020,WSH,L,L,61,3,8,11,3,13,0.18,3,10,0,1,0,0,0,1,49,6.1,9:10,42.9
489,Jack Johnson,20192020,PIT,L,D,67,3,8,11,-1,26,0.16,2,10,0,0,1,1,0,0,63,4.8,19:28,--
490,Mario Ferraro,20192020,SJS,L,D,61,2,9,11,-15,30,0.18,2,10,0,0,0,1,0,0,63,3.2,15:53,--
491,Marc Staal,20192020,NYR,L,D,52,2,9,11,5,16,0.21,2,11,0,0,0,0,0,0,46,4.4,17:39,--
492,Jacob Larsson,20192020,ANA,L,D,60,2,9,11,-9,12,0.18,2,11,0,0,0,0,0,0,58,3.5,16:09,--
493,Johnny Boychuk,20192020,NYI,R,D,64,2,9,11,-11,14,0.17,1,10,1,1,0,0,0,0,96,2.1,17:17,--
494,Nicolas Hague,20192020,VGK,L,D,38,1,10,11,0,32,0.29,0,7,1,4,0,0,0,0,54,1.9,16:05,--
495,Colin Miller,20192020,BUF,R,D,51,1,10,11,-9,22,0.22,1,8,0,3,0,0,1,1,79,1.3,17:08,--
496,David Savard,20192020,CBJ,R,D,68,0,11,11,-3,35,0.16,0,9,0,2,0,0,0,0,97,0,20:41,--
497,Jason Demers,20192020,ARI,R,D,50,0,11,11,5,25,0.22,0,10,0,0,0,1,0,0,53,0,20:30,--
498,Mackenzie MacEachern,20192020,STL,L,L,51,7,3,10,2,33,0.2,7,10,0,0,0,0,0,2,63,11.1,8:57,25
499,Trevor Moore,20192020,TOR,L,C,42,6,4,10,-4,6,0.24,6,9,0,0,0,1,0,0,60,10,12:54,28.6
500,Jujhar Khaira,20192020,EDM,L,L,64,6,4,10,-19,38,0.16,6,10,0,0,0,0,0,1,69,8.7,12:32,51.5
501,Chris Wagner,20192020,BOS,R,R,67,6,4,10,-8,47,0.15,5,9,0,0,1,1,0,0,78,7.7,12:26,46.2
502,Kevin Stenlund,20192020,CBJ,R,C,32,6,4,10,2,8,0.31,3,5,3,5,0,0,0,1,57,10.5,13:59,40.3
503,Evan Rodrigues,20192020,BUF,R,C,45,6,4,10,-8,14,0.22,5,9,1,1,0,0,0,1,75,8,11:17,46.7
504,Curtis Lazar,20192020,BUF,R,C,38,5,5,10,-3,9,0.26,5,9,0,0,0,1,0,0,33,15.2,11:50,51.3
505,Nicolas Roy,20192020,VGK,R,C,28,5,5,10,3,8,0.36,4,9,1,1,0,0,0,1,42,11.9,11:26,48.2
506,Gaetan Haas,20192020,EDM,R,C,58,5,5,10,-1,6,0.17,5,9,0,1,0,0,0,0,54,9.3,9:42,42.2
507,Tobias Rieder,20192020,CGY,L,C,55,4,6,10,-12,6,0.18,3,8,0,0,1,2,0,0,77,5.2,11:05,20.8
508,Paul Byron,20192020,MTL,L,L,29,4,6,10,5,4,0.34,3,9,0,0,1,1,0,0,29,13.8,14:20,16.7
509,Adam Lowry,20192020,WPG,L,C,49,4,6,10,-4,23,0.2,3,8,0,0,1,2,0,1,68,5.9,14:58,53.8
510,Nathan Gerbe,20192020,CBJ,L,C,30,4,6,10,-7,22,0.33,4,10,0,0,0,0,0,0,55,7.3,13:45,50
511,Michael Dal Colle,20192020,NYI,L,L,53,4,6,10,-8,12,0.19,4,10,0,0,0,0,0,0,59,6.8,11:48,71.4
512,Vladimir Tarasenko,20192020,STL,L,R,10,3,7,10,-2,0,1,2,7,1,3,0,0,0,0,26,11.5,16:11,--
513,Jayce Hawryluk,20192020,FLA,R,C,26,3,7,10,1,16,0.38,3,10,0,0,0,0,0,0,26,11.5,11:06,33.3
514,Colin Blackwell,20192020,NSH,R,C,27,3,7,10,7,10,0.37,3,10,0,0,0,0,0,0,31,9.7,10:57,56.1
515,Travis Boyd,20192020,WSH,R,C,24,3,7,10,9,2,0.42,3,9,0,1,0,0,0,0,26,11.5,11:45,42
516,Jamie Oleksiak,20192020,DAL,L,D,69,3,7,10,-6,41,0.14,3,10,0,0,0,0,0,1,76,4,15:49,--
517,Andrew Shaw,20192020,CHI,R,R,26,3,7,10,-4,33,0.38,2,8,1,2,0,0,0,0,46,6.5,14:27,45.2
518,Drake Batherson,20192020,OTT,R,R,23,3,7,10,-12,13,0.43,2,4,1,6,0,0,0,0,32,9.4,15:34,57.1
519,Luca Sbisa,20192020,WPG,L,D,44,2,8,10,1,37,0.23,2,10,0,0,0,0,0,0,49,4.1,17:56,--
520,Dmitry Kulikov,20192020,WPG,L,D,51,2,8,10,-4,32,0.2,2,10,0,0,0,0,0,1,54,3.7,20:01,--
521,Slater Koekkoek,20192020,CHI,L,D,42,1,9,10,3,42,0.24,1,10,0,0,0,0,0,1,47,2.1,16:45,--
522,Dylan DeMelo,20192020,OTT,R,D,59,0,10,10,4,37,0.17,0,8,0,0,0,2,0,0,74,0,20:09,--
523,Stefan Noesen,20192020,PIT,R,R,40,7,2,9,-1,32,0.23,6,8,1,1,0,0,0,2,67,10.5,11:32,38.9
524,Luke Glendening,20192020,DET,R,C,60,6,3,9,-29,14,0.15,5,8,0,0,1,1,0,1,76,7.9,15:21,56.1
525,Christian Fischer,20192020,ARI,R,R,56,6,3,9,2,16,0.16,6,9,0,0,0,0,0,1,83,7.2,11:01,27.3
526,Greg McKegg,20192020,NYR,L,C,53,5,4,9,-2,17,0.17,4,7,0,0,1,2,0,0,40,12.5,9:34,49.3
527,Caleb Jones,20192020,EDM,L,D,43,4,5,9,-1,10,0.21,4,8,0,1,0,0,0,1,38,10.5,14:08,--
528,Jordan Kyrou,20192020,STL,R,C,28,4,5,9,1,8,0.32,4,8,0,1,0,0,0,0,39,10.3,10:54,40
529,Casey Mittelstadt,20192020,BUF,L,C,31,4,5,9,-5,2,0.29,3,7,1,2,0,0,0,1,34,11.8,12:46,46.5
530,Erik Gudbranson,20192020,PIT,R,D,51,4,5,9,0,95,0.18,4,8,0,0,0,1,0,0,78,5.1,19:22,--
531,Frans Nielsen,20192020,DET,L,C,60,4,5,9,-13,8,0.15,3,5,0,2,1,2,0,0,86,4.7,13:41,46.1
532,Kevin Rooney,20192020,NJD,L,C,49,4,5,9,8,20,0.18,2,6,0,0,2,3,0,0,59,6.8,11:44,47
533,Dmytro Timashov,20192020,TOR,L,L,44,4,5,9,1,16,0.2,4,9,0,0,0,0,0,1,37,10.8,8:32,--
534,Joakim Nygard,20192020,EDM,L,L,33,3,6,9,0,8,0.27,2,8,1,1,0,0,0,0,39,7.7,10:41,50
535,Markus Nutivaara,20192020,CBJ,L,D,37,3,6,9,2,4,0.24,3,8,0,1,0,0,0,0,47,6.4,15:55,--
536,Jonas Siegenthaler,20192020,WSH,L,D,64,2,7,9,11,43,0.14,2,9,0,0,0,0,0,1,49,4.1,15:44,--
537,Brayden McNabb,20192020,VGK,L,D,71,2,7,9,1,40,0.13,1,8,0,0,1,1,0,0,73,2.7,20:01,--
538,Jacob de la Rose,20192020,DET,L,L,50,2,7,9,2,10,0.18,2,9,0,0,0,0,0,0,46,4.4,10:43,43.1
539,Radim Simek,20192020,SJS,L,D,48,2,7,9,-13,14,0.19,2,9,0,0,0,0,0,0,40,5,17:11,--
540,Taylor Fedun,20192020,DAL,R,D,27,2,7,9,3,8,0.33,2,9,0,0,0,0,0,0,40,5,13:45,--
541,Ryan Murray,20192020,CBJ,L,D,27,2,7,9,-9,4,0.33,2,7,0,2,0,0,0,0,32,6.3,19:57,--
542,Adam Pelech,20192020,NYI,L,D,38,1,8,9,4,20,0.24,1,7,0,0,0,2,0,0,49,2,21:08,--
543,Jay Bouwmeester,20192020,STL,L,D,56,1,8,9,6,20,0.16,1,8,0,0,0,1,0,0,53,1.9,21:34,--
544,Patrik Nemeth,20192020,DET,L,D,64,1,8,9,-10,28,0.14,1,8,0,0,0,1,0,1,89,1.1,22:02,--
545,Josh Manson,20192020,ANA,R,D,50,1,8,9,-10,37,0.18,1,8,0,0,0,1,0,0,64,1.6,20:38,--
546,Kris Russell,20192020,EDM,L,D,55,0,9,9,0,14,0.16,0,8,0,0,0,1,0,0,45,0,16:47,--
547,Jesperi Kotkaniemi,20192020,MTL,L,C,36,6,2,8,-11,23,0.22,5,6,1,2,0,0,0,0,55,10.9,13:00,42.8
548,Martin Frk,20192020,LAK,R,R,17,6,2,8,-1,4,0.47,5,7,1,1,0,0,0,1,26,23.1,13:50,--
549,Matt Martin,20192020,NYI,L,L,55,5,3,8,-1,40,0.15,5,8,0,0,0,0,0,2,49,10.2,10:25,42.9
550,Mason Appleton,20192020,WPG,R,C,46,5,3,8,-9,20,0.17,4,7,0,0,1,1,0,0,55,9.1,11:10,38.5
551,Bobby Ryan,20192020,OTT,R,R,24,5,3,8,3,22,0.33,5,8,0,0,0,0,0,0,43,11.6,13:31,60
552,Brendan Guhle,20192020,ANA,L,D,30,4,4,8,-2,10,0.27,4,8,0,0,0,0,0,1,39,10.3,17:04,--
553,Tyler Motte,20192020,VAN,L,C,34,4,4,8,-10,10,0.24,4,8,0,0,0,0,0,0,38,10.5,13:07,42.1
554,Josh Brown,20192020,FLA,R,D,56,3,5,8,1,39,0.14,3,8,0,0,0,0,0,1,48,6.3,13:25,--
555,Brendan Smith,20192020,NYR,L,D,62,3,5,8,-12,71,0.13,2,6,0,0,1,2,0,0,45,6.7,11:06,100
556,Kurtis MacDermid,20192020,LAK,L,D,45,3,5,8,-9,47,0.18,3,7,0,0,0,1,0,0,51,5.9,13:43,--
557,Andrej Sekera,20192020,DAL,L,D,57,2,6,8,9,14,0.14,1,7,0,0,1,1,0,0,63,3.2,18:00,--
558,Jay Beagle,20192020,VAN,R,C,55,2,6,8,-9,38,0.15,1,6,0,0,1,2,0,1,49,4.1,12:34,59.1
559,Dennis Cholowski,20192020,DET,L,D,36,2,6,8,-26,6,0.22,1,3,1,5,0,0,1,1,51,3.9,19:13,--
560,Scott Harrington,20192020,CBJ,L,D,39,1,7,8,-3,16,0.21,1,8,0,0,0,0,0,0,37,2.7,13:57,--
561,Matt Benning,20192020,EDM,R,D,43,1,7,8,8,15,0.19,1,8,0,0,0,0,0,0,38,2.6,13:14,--
562,Cody Ceci,20192020,TOR,R,D,56,1,7,8,7,20,0.14,1,8,0,0,0,0,0,1,48,2.1,20:32,--
563,Brian Dumoulin,20192020,PIT,L,D,28,1,7,8,17,10,0.29,0,6,0,1,1,1,0,0,35,2.9,21:03,--
564,Rasmus Sandin,20192020,TOR,L,D,28,1,7,8,-7,10,0.29,1,6,0,2,0,0,0,1,22,4.6,14:19,--
565,Trevor van Riemsdyk,20192020,CAR,R,D,49,1,7,8,-7,10,0.16,1,8,0,0,0,0,0,0,58,1.7,14:52,--
566,Nathan Beaulieu,20192020,WPG,L,D,38,1,7,8,15,29,0.21,1,8,0,0,0,0,0,1,38,2.6,17:00,--
567,Logan Brown,20192020,OTT,L,C,23,1,7,8,0,4,0.35,0,5,1,3,0,0,0,1,23,4.4,11:45,41
568,Vladislav Kamenev,20192020,COL,L,C,38,1,7,8,-2,8,0.21,1,6,0,2,0,0,0,1,32,3.1,8:59,53.3
569,Nick Jensen,20192020,WSH,R,D,68,0,8,8,1,13,0.12,0,7,0,1,0,0,0,0,61,0,17:49,--
570,Dan Hamhuis,20192020,NSH,L,D,60,0,8,8,6,35,0.13,0,8,0,0,0,0,0,0,44,0,14:31,--
571,Anthony Bitetto,20192020,WPG,L,D,51,0,8,8,3,32,0.16,0,7,0,0,0,1,0,0,54,0,15:10,--
572,Mark Jankowski,20192020,CGY,L,C,56,5,2,7,-12,14,0.13,5,7,0,0,0,0,0,0,38,13.2,11:06,44.7
573,Mathieu Joseph,20192020,TBL,L,R,37,4,3,7,-2,16,0.19,4,6,0,0,0,1,0,0,35,11.4,11:31,28.6
574,Joakim Nordstrom,20192020,BOS,L,C,48,4,3,7,-6,17,0.15,4,7,0,0,0,0,0,0,49,8.2,12:06,14.3
575,Cal Clutterbuck,20192020,NYI,R,R,37,3,4,7,6,22,0.19,2,5,0,0,1,2,0,0,35,8.6,13:25,44.4
576,Gabriel Vilardi,20192020,LAK,R,C,10,3,4,7,0,4,0.7,2,5,1,2,0,0,0,0,19,15.8,12:51,53.3
577,Joel Kellman,20192020,SJS,L,C,31,3,4,7,-1,4,0.23,3,6,0,0,0,1,0,1,31,9.7,11:35,47.1
578,Carl Gunnarsson,20192020,STL,L,D,36,2,5,7,8,16,0.19,2,6,0,0,0,1,0,0,31,6.5,15:47,--
579,Oliver Kylington,20192020,CGY,L,D,48,2,5,7,-6,16,0.15,2,7,0,0,0,0,0,0,37,5.4,13:42,--
580,Mirco Mueller,20192020,NJD,L,D,50,2,5,7,-13,23,0.14,2,6,0,1,0,0,0,0,29,6.9,17:39,--
581,Morgan Frost,20192020,PHI,L,C,20,2,5,7,-3,4,0.35,1,6,0,0,1,1,0,0,31,6.5,13:41,47.3
582,Jansen Harkins,20192020,WPG,L,C,29,2,5,7,-2,5,0.24,2,7,0,0,0,0,0,0,29,6.9,10:37,0
583,Taro Hirose,20192020,DET,L,L,26,2,5,7,-12,6,0.27,2,2,0,5,0,0,0,0,21,9.5,12:33,0
584,Michael Stone,20192020,CGY,R,D,33,2,5,7,-5,16,0.21,2,7,0,0,0,0,0,0,57,3.5,16:19,--
585,Jon Merrill,20192020,VGK,L,D,49,2,5,7,9,32,0.14,2,6,0,0,0,1,0,0,37,5.4,18:09,--
586,Antti Suomela,20192020,SJS,L,C,20,1,6,7,4,4,0.35,1,7,0,0,0,0,0,0,18,5.6,9:41,54.8
587,Jordie Benn,20192020,VAN,L,D,44,1,6,7,-7,17,0.16,1,7,0,0,0,0,0,1,58,1.7,16:17,--
588,Juuso Riikola,20192020,PIT,L,D,36,1,6,7,3,6,0.19,1,5,0,2,0,0,0,0,38,2.6,13:53,--
589,Jan Rutta,20192020,TBL,R,D,33,1,6,7,6,14,0.21,1,7,0,0,0,0,0,0,43,2.3,15:33,--
590,Zach Bogosian,20192020,BUF,R,D,27,1,6,7,0,22,0.26,1,6,0,0,0,1,0,0,29,3.5,16:38,--
591,Noah Dobson,20192020,NYI,R,D,34,1,6,7,-1,8,0.21,1,6,0,1,0,0,0,0,37,2.7,13:17,--
592,Trevor Daley,20192020,DET,L,D,43,0,7,7,-22,20,0.16,0,5,0,2,0,0,0,0,37,0,15:39,--
593,Brett Kulak,20192020,MTL,L,D,56,0,7,7,-1,12,0.13,0,7,0,0,0,0,0,0,101,0,17:08,--
594,Zack MacEwen,20192020,VAN,R,C,17,5,1,6,6,20,0.35,5,6,0,0,0,0,0,0,17,29.4,9:37,50
595,Tim Schaller,20192020,VAN,L,L,53,5,1,6,-14,14,0.11,4,5,0,0,1,1,0,0,49,10.2,11:34,38.9
596,Joey Anderson,20192020,NJD,R,R,18,4,2,6,1,2,0.33,4,6,0,0,0,0,0,0,21,19.1,13:13,50
597,Justin Dowling,20192020,DAL,L,C,29,3,3,6,-3,8,0.21,3,6,0,0,0,0,0,1,29,10.3,10:57,43.8
598,Nicholas Shore,20192020,TOR,R,C,63,3,3,6,1,20,0.1,3,6,0,0,0,0,0,0,45,6.7,9:11,55.3
599,Mitchell Stephens,20192020,TBL,R,C,38,3,3,6,-9,10,0.16,3,6,0,0,0,0,0,0,43,7,10:47,52.5
600,Par Lindholm,20192020,BOS,L,C,40,3,3,6,6,4,0.15,3,6,0,0,0,0,0,1,35,8.6,11:15,45.8
601,Tom Kuhnhackl,20192020,NYI,L,R,28,3,3,6,-4,2,0.21,3,5,0,0,0,1,0,1,28,10.7,11:18,--
602,Filip Chlapik,20192020,OTT,L,C,31,3,3,6,-7,10,0.19,3,6,0,0,0,0,0,1,27,11.1,8:46,38.7
603,Yakov Trenin,20192020,NSH,L,C,21,2,4,6,1,9,0.29,2,6,0,0,0,0,0,0,25,8,9:44,75
604,Gabriel Bourque,20192020,WPG,L,L,52,2,4,6,-1,7,0.12,2,6,0,0,0,0,0,0,33,6.1,8:36,40
605,Scott Sabourin,20192020,OTT,R,R,35,2,4,6,-6,33,0.17,2,6,0,0,0,0,0,0,29,6.9,7:01,0
606,Matthew Highmore,20192020,CHI,L,C,36,2,4,6,-1,6,0.17,2,6,0,0,0,0,0,0,35,5.7,9:49,25
607,Chad Ruhwedel,20192020,PIT,R,D,41,2,4,6,4,12,0.15,2,6,0,0,0,0,0,0,44,4.6,14:46,--
608,Robert Bortuzzo,20192020,STL,R,D,42,2,4,6,12,21,0.14,2,6,0,0,0,0,0,1,36,5.6,13:07,--
609,Brett Ritchie,20192020,BOS,R,R,27,2,4,6,-3,21,0.22,2,5,0,1,0,0,0,1,34,5.9,10:24,40
610,Connor Carrick,20192020,NJD,R,D,29,1,5,6,-6,17,0.21,1,6,0,0,0,0,0,1,25,4,14:25,--
611,David Backes,20192020,BOS,R,R,22,1,5,6,-1,22,0.27,0,5,1,1,0,0,0,1,34,2.9,9:24,38
612,Adam Larsson,20192020,EDM,R,D,49,1,5,6,0,35,0.12,1,6,0,0,0,0,0,0,61,1.6,19:50,--
613,Oscar Fantenberg,20192020,VAN,L,D,36,1,5,6,-10,6,0.17,1,5,0,1,0,0,0,0,45,2.2,15:55,--
614,Karson Kuhlman,20192020,BOS,R,C,25,1,5,6,3,13,0.24,0,5,1,1,0,0,0,0,45,2.2,12:32,25
615,Deryk Engelland,20192020,VGK,R,D,49,1,5,6,6,37,0.12,1,5,0,0,0,1,0,1,59,1.7,17:33,--
616,Calvin de Haan,20192020,CHI,L,D,29,1,5,6,10,10,0.21,1,6,0,0,0,0,0,0,42,2.4,19:55,--
617,Zac Rinaldo,20192020,CGY,L,C,19,3,2,5,-1,34,0.26,3,5,0,0,0,0,0,2,19,15.8,8:16,--
618,Noah Gregor,20192020,SJS,L,C,28,3,2,5,-5,8,0.18,2,3,1,2,0,0,0,0,33,9.1,10:04,31.6
619,Logan Shaw,20192020,WPG,R,R,35,3,2,5,0,0,0.14,3,4,0,1,0,0,0,0,20,15,6:49,55
620,Jakob Lilja,20192020,CBJ,L,L,37,2,3,5,5,2,0.14,2,5,0,0,0,0,0,0,23,8.7,9:54,50
621,Adam Erne,20192020,DET,L,L,56,2,3,5,-24,28,0.09,2,5,0,0,0,0,0,0,63,3.2,11:49,60.6
622,Bryan Little,20192020,WPG,R,C,7,2,3,5,4,2,0.71,2,5,0,0,0,0,1,1,13,15.4,16:09,45.3
623,Joseph Blandisi,20192020,PIT,L,C,21,2,3,5,-3,10,0.24,2,5,0,0,0,0,0,1,12,16.7,8:12,40.7
624,Stephen Johns,20192020,DAL,R,D,17,2,3,5,0,10,0.29,2,5,0,0,0,0,0,0,30,6.7,17:40,--
625,Matt Luff,20192020,LAK,R,R,18,1,4,5,-5,2,0.28,1,5,0,0,0,0,0,0,25,4,10:22,0
626,Micheal Ferland,20192020,VAN,L,L,14,1,4,5,-3,7,0.36,1,5,0,0,0,0,0,0,15,6.7,9:48,100
627,Niklas Hjalmarsson,20192020,ARI,L,D,27,1,4,5,-2,14,0.19,1,4,0,0,0,1,0,0,18,5.6,18:46,--
628,Tim Heed,20192020,SJS,R,D,38,1,4,5,-10,2,0.13,1,4,0,1,0,0,0,0,44,2.3,13:00,0
629,Dean Kukan,20192020,CBJ,L,D,33,1,4,5,-9,12,0.15,0,4,1,1,0,0,0,0,51,2,15:58,--
630,Ville Heinola,20192020,WPG,L,D,8,1,4,5,3,4,0.63,1,4,0,1,0,0,0,0,10,10,18:04,--
631,Dale Weise,20192020,MTL,R,R,23,1,4,5,1,16,0.22,1,5,0,0,0,0,0,0,15,6.7,9:16,--
632,Jarred Tinordi,20192020,NSH,L,D,28,1,4,5,-1,34,0.18,1,4,0,0,0,1,0,0,20,5,16:37,--
633,Joakim Ryan,20192020,LAK,L,D,35,1,4,5,-10,10,0.14,1,5,0,0,0,0,0,0,54,1.9,19:09,--
634,Patrick Russell,20192020,EDM,R,R,45,0,5,5,-11,12,0.11,0,5,0,0,0,0,0,0,58,0,11:22,50
635,Sami Niku,20192020,WPG,L,D,17,0,5,5,-2,12,0.29,0,5,0,0,0,0,0,0,27,0,16:10,--
636,Riley Stillman,20192020,FLA,L,D,34,0,5,5,-3,14,0.15,0,5,0,0,0,0,0,0,39,0,19:07,--
637,Libor Hajek,20192020,NYR,L,D,28,0,5,5,-4,12,0.18,0,5,0,0,0,0,0,0,23,0,15:59,--
638,Jesper Boqvist,20192020,NJD,L,C,35,4,0,4,-11,8,0.11,3,3,1,1,0,0,0,0,41,9.8,10:57,31.3
639,Markus Granlund,20192020,EDM,L,C,34,3,1,4,-1,14,0.12,3,4,0,0,0,0,0,1,26,11.5,10:50,43.9
640,John Hayden,20192020,NJD,R,C,43,3,1,4,-2,77,0.09,3,4,0,0,0,0,0,1,39,7.7,9:43,21.1
641,Morgan Geekie,20192020,CAR,R,C,2,3,1,4,3,2,2,3,4,0,0,0,0,0,0,4,75,11:47,54.6
642,Brent Seabrook,20192020,CHI,R,D,32,3,1,4,1,8,0.13,2,3,1,1,0,0,0,1,40,7.5,18:09,--
643,Ross Johnston,20192020,NYI,L,L,32,3,1,4,1,78,0.13,3,4,0,0,0,0,0,0,16,18.8,7:59,100
644,Aleksi Saarela,20192020,FLA,L,C,9,2,2,4,2,0,0.44,2,3,0,1,0,0,0,0,15,13.3,12:15,35.3
645,Mikkel Boedker,20192020,OTT,L,L,20,2,2,4,-1,0,0.2,1,3,0,0,1,1,0,0,29,6.9,9:43,25
646,Christoffer Ehn,20192020,DET,L,C,54,2,2,4,-21,2,0.07,2,4,0,0,0,0,0,0,36,5.6,10:25,42.5
647,Brendan Perlini,20192020,CHI,L,L,40,1,3,4,-18,10,0.1,1,4,0,0,0,0,0,0,48,2.1,10:42,--
648,Josh Mahura,20192020,ANA,L,D,11,1,3,4,-3,2,0.36,1,4,0,0,0,0,0,0,11,9.1,16:14,--
649,Dakota Mermis,20192020,NJD,L,D,10,1,3,4,7,4,0.4,1,4,0,0,0,0,0,0,17,5.9,19:13,--
650,Phillip Di Giuseppe,20192020,NYR,L,L,20,1,3,4,1,2,0.2,1,4,0,0,0,0,0,0,35,2.9,11:17,0
651,Korbinian Holzer,20192020,ANA,R,D,49,1,3,4,-2,37,0.08,1,3,0,0,0,1,0,0,39,2.6,16:02,--
652,Martin Marincin,20192020,TOR,L,D,26,1,3,4,-1,14,0.15,1,4,0,0,0,0,0,1,28,3.6,15:12,--
653,Cameron Gaunce,20192020,TBL,L,D,3,1,3,4,2,4,1.33,1,4,0,0,0,0,0,0,5,20,11:52,--
654,Josh Anderson,20192020,CBJ,R,R,26,1,3,4,-8,17,0.15,1,4,0,0,0,0,0,0,63,1.6,16:04,36.8
655,Braydon Coburn,20192020,TBL,L,D,40,1,3,4,5,16,0.1,1,4,0,0,0,0,0,0,44,2.3,14:03,--
656,Barrett Hayton,20192020,ARI,L,C,20,1,3,4,2,14,0.2,1,4,0,0,0,0,0,1,27,3.7,11:09,37.7
657,Valentin Zykov,20192020,VGK,R,L,15,1,3,4,-2,6,0.27,0,3,1,1,0,0,0,0,19,5.3,12:13,0
658,Colin Wilson,20192020,COL,L,C,9,0,4,4,6,0,0.44,0,4,0,0,0,0,0,0,12,0,12:38,42.9
659,Dryden Hunt,20192020,FLA,L,L,21,0,4,4,0,24,0.19,0,4,0,0,0,0,0,0,33,0,10:30,--
660,Carl Grundstrom,20192020,LAK,L,R,13,0,4,4,2,8,0.31,0,4,0,0,0,0,0,0,16,0,12:46,--
661,Danny DeKeyser,20192020,DET,L,D,8,0,4,4,0,4,0.5,0,4,0,0,0,0,0,0,12,0,22:04,--
662,Erik Brannstrom,20192020,OTT,L,D,31,0,4,4,-9,16,0.13,0,3,0,1,0,0,0,0,38,0,14:51,--
663,Roman Polak,20192020,DAL,R,D,41,0,4,4,-6,24,0.1,0,4,0,0,0,0,0,0,34,0,16:40,--
664,Ilya Lyubushkin,20192020,ARI,R,D,51,0,4,4,4,18,0.08,0,4,0,0,0,0,0,0,41,0,14:11,--
665,Alexander True,20192020,SJS,L,C,12,0,4,4,1,2,0.33,0,4,0,0,0,0,0,0,12,0,10:00,46.4
666,Isac Lundestrom,20192020,ANA,L,C,15,0,4,4,-2,0,0.27,0,3,0,1,0,0,0,0,10,0,13:55,46.8
667,Givani Smith,20192020,DET,L,R,21,2,1,3,-2,9,0.14,2,3,0,0,0,0,0,0,22,9.1,9:41,--
668,Austin Czarnik,20192020,CGY,R,C,8,2,1,3,1,0,0.38,1,2,1,1,0,0,0,0,9,22.2,10:11,33.3
669,Jake Evans,20192020,MTL,R,C,13,2,1,3,1,0,0.23,2,3,0,0,0,0,0,0,14,14.3,10:21,51.8
670,Martin Kaut,20192020,COL,R,R,9,2,1,3,-1,2,0.33,1,2,1,1,0,0,0,0,13,15.4,10:08,100
671,Kieffer Bellows,20192020,NYI,L,L,8,2,1,3,3,2,0.38,2,3,0,0,0,0,0,1,11,18.2,10:39,--
672,Stefan Matteau,20192020,CBJ,L,C,9,2,1,3,0,5,0.33,2,3,0,0,0,0,0,0,18,11.1,12:22,--
673,John Moore,20192020,BOS,L,D,24,2,1,3,-2,11,0.13,2,3,0,0,0,0,0,0,33,6.1,16:33,--
674,Rudolfs Balcers,20192020,OTT,L,L,15,1,2,3,-2,0,0.2,1,3,0,0,0,0,0,1,23,4.4,12:08,0
675,Dennis Gilbert,20192020,CHI,L,D,21,1,2,3,-8,38,0.14,1,3,0,0,0,0,0,0,12,8.3,15:42,--
676,Luke Witkowski,20192020,TBL,R,R,12,1,2,3,-4,13,0.25,1,3,0,0,0,0,0,0,10,10,8:48,--
677,Mikhail Vorobyev,20192020,PHI,L,C,20,1,2,3,-5,6,0.15,1,3,0,0,0,0,0,0,15,6.7,10:26,55.7
678,Dylan Sikura,20192020,CHI,L,R,9,1,2,3,1,0,0.33,1,3,0,0,0,0,0,0,10,10,9:54,0
679,Andrew Agozzino,20192020,PIT,L,L,22,1,2,3,3,4,0.14,1,3,0,0,0,0,0,0,10,10,7:21,50.7
680,Rasmus Asplund,20192020,BUF,L,C,29,1,2,3,-4,6,0.1,1,2,0,0,0,1,0,0,36,2.8,10:50,43
681,Vladimir Sobotka,20192020,BUF,L,C,16,1,2,3,2,4,0.19,1,3,0,0,0,0,0,0,23,4.4,14:16,55.7
682,Yannick Weber,20192020,NSH,R,D,41,1,2,3,-1,14,0.07,1,3,0,0,0,0,0,1,45,2.2,14:01,--
683,Christian Djoos,20192020,WSH,L,D,11,1,2,3,3,0,0.27,1,2,0,1,0,0,0,0,13,7.7,19:06,--
684,Luke Schenn,20192020,TBL,R,D,25,1,2,3,-8,23,0.12,1,3,0,0,0,0,0,0,31,3.2,12:27,--
685,Andrew Peeke,20192020,CBJ,R,D,22,1,2,3,1,4,0.14,1,3,0,0,0,0,0,0,23,4.4,13:51,--
686,Alex Biega,20192020,DET,R,D,49,0,3,3,-9,24,0.06,0,3,0,0,0,0,0,0,55,0,16:25,--
687,Matt Tennyson,20192020,NJD,R,D,20,0,3,3,-2,6,0.15,0,3,0,0,0,0,0,0,14,0,12:09,--
688,Christian Jaros,20192020,OTT,R,D,13,0,3,3,-2,6,0.23,0,2,0,0,0,1,0,0,5,0,10:31,--
689,Andreas Englund,20192020,OTT,L,D,24,0,3,3,-8,12,0.13,0,3,0,0,0,0,0,0,10,0,10:54,--
690,Matt Irwin,20192020,NSH,L,D,36,0,3,3,-15,15,0.08,0,3,0,0,0,0,0,0,58,0,14:28,--
691,Greg Pateryn,20192020,MIN,R,D,20,0,3,3,1,6,0.15,0,3,0,0,0,0,0,0,22,0,15:28,--
692,Nic Petan,20192020,TOR,L,C,16,0,3,3,-4,4,0.19,0,3,0,0,0,0,0,0,19,0,11:07,25
693,Adam Brooks,20192020,TOR,L,C,7,0,3,3,1,0,0.43,0,3,0,0,0,0,0,0,2,0,7:51,50
694,Julien Gauthier,20192020,CAR,R,R,17,0,3,3,1,8,0.18,0,3,0,0,0,0,0,0,10,0,8:17,33.3
695,Justin Abdelkader,20192020,DET,L,L,49,0,3,3,-14,25,0.06,0,3,0,0,0,0,0,0,40,0,11:32,55.1
696,Calle Rosen,20192020,COL,L,D,12,0,3,3,0,4,0.25,0,3,0,0,0,0,0,0,14,0,13:35,--
697,Tyler Graovac,20192020,VAN,L,C,8,2,0,2,-2,2,0.25,0,0,2,2,0,0,0,0,5,40,6:16,36.4
698,Connor Clifton,20192020,BOS,R,D,31,2,0,2,4,12,0.06,2,2,0,0,0,0,0,0,20,10,14:25,--
699,Logan O'Connor,20192020,COL,R,R,16,2,0,2,0,2,0.13,2,2,0,0,0,0,0,1,15,13.3,8:26,0
700,Gerald Mayhew,20192020,MIN,R,C,13,2,0,2,4,2,0.15,2,2,0,0,0,0,0,0,16,12.5,11:33,50
701,Ryan Poehling,20192020,MTL,L,C,27,1,1,2,-4,4,0.07,1,2,0,0,0,0,0,0,26,3.9,10:20,20
702,Sam Carrick,20192020,ANA,R,C,9,1,1,2,-3,0,0.22,0,1,0,0,1,1,0,0,16,6.3,13:46,45.8
703,Charles Hudon,20192020,MTL,L,L,15,1,1,2,-9,0,0.13,1,2,0,0,0,0,0,1,22,4.6,11:32,25
704,Cody Goloubef,20192020,OTT,R,D,26,1,1,2,-3,8,0.08,1,2,0,0,0,0,0,0,18,5.6,15:11,--
705,Scott Wilson,20192020,BUF,L,C,6,1,1,2,1,2,0.33,1,2,0,0,0,0,0,0,8,12.5,11:38,--
706,Nick Caamano,20192020,DAL,L,R,12,1,1,2,2,4,0.17,1,2,0,0,0,0,0,0,13,7.7,9:58,50
707,Christian Folin,20192020,MTL,R,D,16,1,1,2,-1,13,0.13,1,2,0,0,0,0,0,0,13,7.7,14:26,--
708,Jeremy Lauzon,20192020,BOS,L,D,19,1,1,2,5,29,0.11,1,2,0,0,0,0,0,0,20,5,15:25,--
709,Nathan Walker,20192020,STL,L,L,5,1,1,2,-2,4,0.4,1,2,0,0,0,0,0,0,6,16.7,11:08,100
710,Adam Johnson,20192020,PIT,L,C,7,1,1,2,-1,2,0.29,1,2,0,0,0,0,0,0,5,20,6:42,--
711,Fredrik Claesson,20192020,NJD,L,D,5,1,1,2,1,0,0.4,1,2,0,0,0,0,0,0,1,100,14:29,--
712,Cole Bardreau,20192020,NYI,R,C,10,1,1,2,-2,6,0.2,1,2,0,0,0,0,0,1,10,10,8:52,42
713,Nick Bjugstad,20192020,PIT,R,C,13,1,1,2,3,8,0.15,1,2,0,0,0,0,0,0,18,5.6,12:14,39.6
714,Nicholas Merkley,20192020,NJD,L,R,4,1,1,2,0,2,0.5,1,2,0,0,0,0,0,0,8,12.5,11:22,--
715,Daniel Sprong,20192020,ANA,R,R,8,1,1,2,-2,0,0.25,0,1,1,1,0,0,0,0,17,5.9,14:06,--
716,Connor Bunnaman,20192020,PHI,L,C,21,1,1,2,7,2,0.1,1,2,0,0,0,0,0,0,18,5.6,9:17,37.5
717,Xavier Ouellet,20192020,MTL,L,D,12,0,2,2,0,4,0.17,0,2,0,0,0,0,0,0,8,0,13:54,--
718,Steven Kampfer,20192020,BOS,R,D,10,0,2,2,2,2,0.2,0,0,0,2,0,0,0,0,13,0,13:38,--
719,Tomas Jurco,20192020,EDM,L,R,12,0,2,2,1,4,0.17,0,2,0,0,0,0,0,0,7,0,9:59,50
720,Zach Senyshyn,20192020,BOS,R,R,4,0,2,2,1,0,0.5,0,2,0,0,0,0,0,0,1,0,8:26,100
721,Brandon Pirri,20192020,VGK,L,C,16,0,2,2,-4,8,0.13,0,2,0,0,0,0,0,0,24,0,12:34,66.7
722,Joe Hicketts,20192020,DET,L,D,6,0,2,2,-5,2,0.33,0,2,0,0,0,0,0,0,6,0,18:17,--
723,Joel Hanley,20192020,DAL,L,D,8,0,2,2,0,6,0.25,0,2,0,0,0,0,0,0,4,0,11:21,--
724,Mark Barberio,20192020,COL,L,D,21,0,2,2,3,16,0.1,0,2,0,0,0,0,0,0,29,0,14:06,--
725,Nico Sturm,20192020,MIN,L,C,6,0,2,2,2,0,0.33,0,2,0,0,0,0,0,0,2,0,11:54,53.1
726,Michael McLeod,20192020,NJD,R,C,12,0,2,2,4,4,0.17,0,2,0,0,0,0,0,0,11,0,10:14,50
727,Joel Persson,20192020,EDM,R,D,13,0,2,2,-1,2,0.15,0,2,0,0,0,0,0,0,17,0,15:19,--
728,Sven Baertschi,20192020,VAN,L,L,6,0,2,2,-2,4,0.33,0,0,0,2,0,0,0,0,7,0,11:49,--
729,Matthew Peca,20192020,MTL,L,C,14,0,2,2,-4,0,0.14,0,2,0,0,0,0,0,0,7,0,10:27,54.4
730,Jacob Middleton,20192020,SJS,L,D,10,0,2,2,-2,9,0.2,0,2,0,0,0,0,0,0,9,0,10:46,--
731,Lukas Vejdemo,20192020,MTL,L,C,7,1,0,1,0,0,0.14,1,1,0,0,0,0,0,0,7,14.3,8:01,20
732,Daniel Carr,20192020,NSH,L,L,11,1,0,1,-5,4,0.09,1,1,0,0,0,0,0,0,14,7.1,10:20,0
733,Jani Hakanpaa,20192020,ANA,R,D,5,1,0,1,1,2,0.2,1,1,0,0,0,0,0,0,4,25,18:07,--
734,Brandon Manning,20192020,EDM,L,D,9,1,0,1,-1,17,0.11,1,1,0,0,0,0,0,0,8,12.5,11:03,--
735,Miikka Salomaki,20192020,NSH,L,R,5,1,0,1,2,4,0.2,1,1,0,0,0,0,0,1,2,50,12:09,--
736,Patrick Brown,20192020,VGK,R,C,1,1,0,1,0,0,1,1,1,0,0,0,0,0,0,2,50,10:04,--
737,Joel Kiviranta,20192020,DAL,L,L,11,1,0,1,-1,4,0.09,1,1,0,0,0,0,0,0,13,7.7,10:39,--
738,Anthony Angello,20192020,PIT,R,C,8,1,0,1,-1,4,0.13,1,1,0,0,0,0,0,0,5,20,5:43,0
739,Cale Fleury,20192020,MTL,R,D,41,1,0,1,-4,6,0.02,1,1,0,0,0,0,0,0,45,2.2,14:21,--
740,Buddy Robinson,20192020,CGY,R,R,5,1,0,1,0,7,0.2,1,1,0,0,0,0,0,0,6,16.7,12:14,--
741,Mikey Anderson,20192020,LAK,L,D,6,1,0,1,4,0,0.17,1,1,0,0,0,0,0,1,9,11.1,18:09,--
742,Colby Cave,20192020,EDM,L,C,11,1,0,1,-3,4,0.09,1,1,0,0,0,0,0,0,5,20,9:39,46.8
743,Micheal Haley,20192020,NYR,L,L,22,1,0,1,-7,50,0.05,1,1,0,0,0,0,0,0,9,11.1,5:32,58.3
744,Andrew Ladd,20192020,NYI,L,L,4,1,0,1,2,4,0.25,1,1,0,0,0,0,0,0,5,20,11:58,--
745,Carsen Twarynski,20192020,PHI,L,L,15,1,0,1,-2,4,0.07,1,1,0,0,0,0,0,0,14,7.1,10:41,0
746,Gemel Smith,20192020,TBL,L,C,3,1,0,1,0,4,0.33,1,1,0,0,0,0,0,0,1,100,9:10,65
747,Alan Quine,20192020,CGY,L,C,9,1,0,1,-1,4,0.11,1,1,0,0,0,0,0,0,12,8.3,9:48,100
748,David Kase,20192020,PHI,L,R,6,1,0,1,1,0,0.17,1,1,0,0,0,0,0,1,5,20,9:47,100
749,Troy Brouwer,20192020,STL,R,R,13,1,0,1,1,7,0.08,1,1,0,0,0,0,0,0,12,8.3,9:28,50
750,Maxim Letunov,20192020,SJS,L,C,3,1,0,1,0,0,0.33,1,1,0,0,0,0,0,0,3,33.3,9:05,50
751,Egor Korshkov,20192020,TOR,L,R,1,1,0,1,1,0,1,1,1,0,0,0,0,0,0,1,100,10:08,--
752,Klim Kostin,20192020,STL,L,C,4,1,0,1,1,0,0.25,1,1,0,0,0,0,0,0,5,20,8:32,--
753,Vitaly Abramov,20192020,OTT,L,L,2,1,0,1,0,2,0.5,1,1,0,0,0,0,0,0,3,33.3,5:47,--
754,Kyle Capobianco,20192020,ARI,L,D,9,1,0,1,-1,2,0.11,1,1,0,0,0,0,0,0,10,10,14:46,--
755,Joel L'Esperance,20192020,DAL,R,C,3,1,0,1,0,2,0.33,1,1,0,0,0,0,0,0,2,50,7:21,0
756,David Gustafsson,20192020,WPG,L,C,22,1,0,1,-2,0,0.05,1,1,0,0,0,0,0,1,4,25,6:09,54
757,Brian Lashoff,20192020,DET,L,D,9,0,1,1,1,6,0.11,0,1,0,0,0,0,0,0,6,0,14:33,--
758,Peter Cehlarik,20192020,BOS,L,L,3,0,1,1,-1,2,0.33,0,1,0,0,0,0,0,0,0,--,11:16,50
759,Mason Marchment,20192020,TOR,L,L,4,0,1,1,0,0,0.25,0,1,0,0,0,0,0,0,3,0,8:05,100
760,Tim Gettinger,20192020,NYR,L,L,2,0,1,1,1,0,0.5,0,1,0,0,0,0,0,0,3,0,8:23,0
761,Jordan Gross,20192020,ARI,R,D,2,0,1,1,2,0,0.5,0,1,0,0,0,0,0,0,3,0,16:11,--
762,Paul LaDue,20192020,LAK,R,D,2,0,1,1,0,0,0.5,0,1,0,0,0,0,0,0,2,0,12:48,--
763,J.C. Beaudin,20192020,OTT,R,C,22,0,1,1,-4,7,0.05,0,1,0,0,0,0,0,0,18,0,8:38,52.5
764,Mathieu Olivier,20192020,NSH,R,R,8,0,1,1,1,4,0.13,0,1,0,0,0,0,0,0,6,0,7:33,--
765,Clark Bishop,20192020,CAR,L,C,5,0,1,1,-2,4,0.2,0,1,0,0,0,0,0,0,4,0,7:39,38.2
766,Ryan MacInnis,20192020,CBJ,L,C,10,0,1,1,1,0,0.1,0,1,0,0,0,0,0,0,13,0,9:21,37
767,Carl Dahlstrom,20192020,WPG,L,D,15,0,1,1,-4,6,0.07,0,1,0,0,0,0,0,0,9,0,14:46,--
768,Niko Mikkola,20192020,STL,L,D,5,0,1,1,3,0,0.2,0,1,0,0,0,0,0,0,10,0,14:22,--
769,Ben Street,20192020,NJD,L,C,3,0,1,1,1,0,0.33,0,1,0,0,0,0,0,0,4,0,8:08,45.5
770,Gage Quinney,20192020,VGK,L,C,3,0,1,1,-1,0,0.33,0,1,0,0,0,0,0,0,2,0,9:43,47.1
771,Liam Foudy,20192020,CBJ,L,C,2,0,1,1,1,0,0.5,0,1,0,0,0,0,0,0,3,0,14:13,--
772,Mark Friedman,20192020,PHI,R,D,6,0,1,1,0,2,0.17,0,1,0,0,0,0,0,0,2,0,13:35,--
773,Zach Whitecloud,20192020,VGK,R,D,16,0,1,1,3,4,0.06,0,1,0,0,0,0,0,0,9,0,14:19,--
774,T.J. Tynan,20192020,COL,R,C,16,0,1,1,-1,2,0.06,0,1,0,0,0,0,0,0,7,0,8:28,16.7
775,Jack Studnicka,20192020,BOS,R,C,2,0,1,1,2,2,0.5,0,1,0,0,0,0,0,0,3,0,12:08,60
776,Brendan Gaunce,20192020,BOS,L,C,1,0,1,1,1,2,1,0,1,0,0,0,0,0,0,0,--,9:10,0
777,Derek Forbort,20192020,LAK,L,D,20,0,1,1,-5,4,0.05,0,1,0,0,0,0,0,0,22,0,17:49,--
778,Alexander Volkov,20192020,TBL,L,R,9,0,1,1,-6,6,0.11,0,1,0,0,0,0,0,0,7,0,10:16,25
779,Cory Conacher,20192020,TBL,L,C,4,0,1,1,-2,4,0.25,0,1,0,0,0,0,0,0,5,0,11:05,--
780,Andy Andreoff,20192020,PHI,L,C,14,0,1,1,-3,2,0.07,0,1,0,0,0,0,0,0,14,0,8:32,50
781,Lucas Carlsson,20192020,CHI,L,D,6,0,1,1,3,0,0.17,0,1,0,0,0,0,0,0,3,0,14:08,--
782,Kiefer Sherwood,20192020,ANA,R,L,10,0,1,1,-1,6,0.1,0,1,0,0,0,0,0,0,17,0,13:20,75
783,Lean Bergmann,20192020,SJS,L,C,12,0,1,1,-6,4,0.08,0,1,0,0,0,0,0,0,11,0,8:16,0
784,Timothy Liljegren,20192020,TOR,R,D,11,0,1,1,-5,2,0.09,0,1,0,0,0,0,0,0,2,0,10:18,--
785,Lias Andersson,20192020,NYR,L,C,17,0,1,1,-8,4,0.06,0,1,0,0,0,0,0,0,13,0,9:33,46.6
786,Chris Stewart,20192020,PHI,R,R,16,0,1,1,-7,21,0.06,0,1,0,0,0,0,0,0,5,0,7:47,--
787,Martin Fehervary,20192020,WSH,L,D,6,0,1,1,-2,6,0.17,0,1,0,0,0,0,0,0,7,0,15:59,--
788,Jonny Brodzinski,20192020,SJS,R,C,3,0,1,1,0,0,0.33,0,1,0,0,0,0,0,0,5,0,7:24,0
789,Tyler Benson,20192020,EDM,L,L,7,0,1,1,-1,0,0.14,0,1,0,0,0,0,0,0,5,0,10:23,100
790,Anton Lindholm,20192020,COL,L,D,4,0,1,1,1,0,0.25,0,1,0,0,0,0,0,0,1,0,11:47,--
791,Pontus Aberg,20192020,TOR,R,L,5,0,1,1,0,0,0.2,0,1,0,0,0,0,0,0,4,0,8:42,--
792,Eetu Luostarinen,20192020,CAR,L,C,8,0,1,1,-2,0,0.13,0,1,0,0,0,0,0,0,9,0,9:59,52.4
793,Nick Seeler,20192020,MIN,L,D,12,0,1,1,-8,15,0.08,0,1,0,0,0,0,0,0,5,0,11:56,--
794,Aaron Ness,20192020,ARI,L,D,24,0,1,1,1,0,0.04,0,1,0,0,0,0,0,0,11,0,12:32,--
795,Jason Robertson,20192020,DAL,L,L,3,0,1,1,0,0,0.33,0,0,0,1,0,0,0,0,4,0,12:19,--
796,Gustav Lindstrom,20192020,DET,R,D,16,0,1,1,-6,14,0.06,0,0,0,1,0,0,0,0,9,0,16:32,--
797,Jonathan Davidsson,20192020,OTT,R,R,6,0,1,1,0,0,0.17,0,1,0,0,0,0,0,0,3,0,5:31,--
798,Jean-Sebastien Dea,20192020,BUF,R,C,3,0,0,0,0,0,0,0,0,0,0,0,0,0,0,0,--,7:38,50
799,Michael Chaput,20192020,ARI,L,C,2,0,0,0,-2,2,0,0,0,0,0,0,0,0,0,2,0,10:01,53.9
800,Nikolay Goldobin,20192020,VAN,L,R,1,0,0,0,0,0,0,0,0,0,0,0,0,0,0,0,--,8:37,--
801,Chase De Leo,20192020,ANA,L,C,1,0,0,0,0,0,0,0,0,0,0,0,0,0,0,1,0,14:59,0
802,Paul Carey,20192020,BOS,L,C,1,0,0,0,-1,0,0,0,0,0,0,0,0,0,0,0,--,6:22,--
803,Gustav Olofsson,20192020,MTL,L,D,3,0,0,0,-4,2,0,0,0,0,0,0,0,0,0,2,0,8:06,--
804,Dalton Smith,20192020,BUF,L,L,1,0,0,0,1,2,0,0,0,0,0,0,0,0,0,0,--,1:26,--
805,Boo Nieves,20192020,NYR,L,C,4,0,0,0,2,4,0,0,0,0,0,0,0,0,0,2,0,7:32,73.7
806,Jordan Szwarz,20192020,OTT,R,C,3,0,0,0,0,2,0,0,0,0,0,0,0,0,0,2,0,4:55,44.4
807,Henrik Borgstrom,20192020,FLA,L,C,4,0,0,0,-2,2,0,0,0,0,0,0,0,0,0,3,0,12:23,48.2
808,Luke Johnson,20192020,MIN,R,C,3,0,0,0,-3,0,0,0,0,0,0,0,0,0,0,1,0,11:35,50
809,Brett Seney,20192020,NJD,L,L,2,0,0,0,-1,0,0,0,0,0,0,0,0,0,0,1,0,9:56,0
810,Michael Sgarbossa,20192020,WSH,L,C,2,0,0,0,0,0,0,0,0,0,0,0,0,0,0,1,0,8:07,50
811,Josh Norris,20192020,OTT,L,C,3,0,0,0,2,0,0,0,0,0,0,0,0,0,0,9,0,17:55,61.2
812,CJ Suess,20192020,WPG,L,L,1,0,0,0,-1,0,0,0,0,0,0,0,0,0,0,0,--,6:26,25
813,Rhett Gardner,20192020,DAL,L,C,8,0,0,0,0,2,0,0,0,0,0,0,0,0,0,8,0,10:08,47.2
814,Jake Walman,20192020,STL,L,D,1,0,0,0,1,0,0,0,0,0,0,0,0,0,0,1,0,11:04,--
815,Beck Malenstyn,20192020,WSH,L,L,3,0,0,0,-1,0,0,0,0,0,0,0,0,0,0,4,0,9:16,--
816,Dylan McIlrath,20192020,DET,R,D,16,0,0,0,-4,23,0,0,0,0,0,0,0,0,0,14,0,14:49,--
817,Gabriel Dumont,20192020,MIN,R,C,3,0,0,0,-1,0,0,0,0,0,0,0,0,0,0,3,0,11:30,40
818,Joona Luoto,20192020,WPG,L,L,16,0,0,0,-3,2,0,0,0,0,0,0,0,0,0,9,0,6:35,--
819,Max Veronneau,20192020,OTT,R,R,4,0,0,0,-2,0,0,0,0,0,0,0,0,0,0,3,0,8:25,--
820,Otto Koivula,20192020,NYI,L,L,12,0,0,0,0,2,0,0,0,0,0,0,0,0,0,4,0,7:55,36.9
821,Ashton Sautner,20192020,VAN,L,D,1,0,0,0,0,0,0,0,0,0,0,0,0,0,0,1,0,2:49,--
822,Kole Sherwood,20192020,CBJ,R,R,3,0,0,0,0,2,0,0,0,0,0,0,0,0,0,6,0,6:38,0
823,Christian Wolanin,20192020,OTT,L,D,3,0,0,0,1,0,0,0,0,0,0,0,0,0,0,4,0,17:41,--
824,Lukas Radil,20192020,SJS,R,C,14,0,0,0,-3,8,0,0,0,0,0,0,0,0,0,12,0,9:24,25
825,Nikolai Knyzhov,20192020,SJS,L,D,3,0,0,0,-1,2,0,0,0,0,0,0,0,0,0,0,--,10:49,--
826,Oliver Wahlstrom,20192020,NYI,R,R,9,0,0,0,-2,4,0,0,0,0,0,0,0,0,0,9,0,10:17,0
827,Jayson Megna,20192020,COL,R,C,8,0,0,0,-1,2,0,0,0,0,0,0,0,0,0,4,0,6:43,0
828,Tyler Lewington,20192020,WSH,R,D,6,0,0,0,-2,17,0,0,0,0,0,0,0,0,0,2,0,10:10,--
829,Mark Letestu,20192020,WPG,R,C,7,0,0,0,0,0,0,0,0,0,0,0,0,0,0,5,0,10:36,54.4
830,Urho Vaakanainen,20192020,BOS,L,D,5,0,0,0,2,0,0,0,0,0,0,0,0,0,0,2,0,16:51,--
831,Gabriel Carlsson,20192020,CBJ,L,D,6,0,0,0,-1,2,0,0,0,0,0,0,0,0,0,3,0,10:53,--
832,Steven Santini,20192020,NSH,R,D,2,0,0,0,1,2,0,0,0,0,0,0,0,0,0,1,0,9:33,--
833,Zach Trotman,20192020,PIT,R,D,8,0,0,0,-1,4,0,0,0,0,0,0,0,0,0,11,0,14:43,--
834,Jonathan Ericsson,20192020,DET,L,D,18,0,0,0,-12,4,0,0,0,0,0,0,0,0,0,16,0,14:15,--
835,Josh Jacobs,20192020,NJD,R,D,2,0,0,0,1,2,0,0,0,0,0,0,0,0,0,3,0,16:36,--
836,Brandon Davidson,20192020,CGY,L,D,12,0,0,0,-3,0,0,0,0,0,0,0,0,0,0,17,0,12:29,--
837,Marko Dano,20192020,CBJ,L,L,3,0,0,0,-1,2,0,0,0,0,0,0,0,0,0,2,0,7:10,--
838,Keegan Kolesar,20192020,VGK,R,R,1,0,0,0,0,0,0,0,0,0,0,0,0,0,0,1,0,12:06,100
839,Jaret Anderson-Dolan,20192020,LAK,L,C,4,0,0,0,-1,0,0,0,0,0,0,0,0,0,0,2,0,10:16,38.5
840,John Gilmour,20192020,BUF,L,D,4,0,0,0,-2,0,0,0,0,0,0,0,0,0,0,5,0,17:03,--
841,Karl Alzner,20192020,MTL,L,D,4,0,0,0,-1,0,0,0,0,0,0,0,0,0,0,4,0,13:55,--
842,Calvin Thurkauf,20192020,CBJ,L,C,3,0,0,0,0,0,0,0,0,0,0,0,0,0,0,1,0,8:15,100
843,Otto Leskinen,20192020,MTL,L,D,5,0,0,0,0,0,0,0,0,0,0,0,0,0,0,2,0,10:18,--
844,Austin Poganski,20192020,STL,R,R,1,0,0,0,0,0,0,0,0,0,0,0,0,0,0,0,--,5:54,--
845,Riley Barber,20192020,MTL,R,R,9,0,0,0,-1,2,0,0,0,0,0,0,0,0,0,6,0,8:15,100
846,Sheldon Dries,20192020,COL,L,C,5,0,0,0,-2,0,0,0,0,0,0,0,0,0,0,2,0,6:52,66.7
847,Lawrence Pilut,20192020,BUF,L,D,13,0,0,0,-4,4,0,0,0,0,0,0,0,0,0,6,0,16:14,--
848,Alexandre Carrier,20192020,NSH,R,D,3,0,0,0,2,2,0,0,0,0,0,0,0,0,0,4,0,10:47,--
849,Colton White,20192020,NJD,L,D,6,0,0,0,-2,4,0,0,0,0,0,0,0,0,0,2,0,13:59,--
850,Brennan Menell,20192020,MIN,R,D,5,0,0,0,1,2,0,0,0,0,0,0,0,0,0,4,0,13:59,--
851,Joachim Blichfeld,20192020,SJS,R,R,3,0,0,0,-2,2,0,0,0,0,0,0,0,0,0,3,0,12:46,--
852,Tage Thompson,20192020,BUF,R,R,1,0,0,0,0,0,0,0,0,0,0,0,0,0,0,0,--,6:59,--
853,Derrick Pouliot,20192020,STL,L,D,2,0,0,0,-1,2,0,0,0,0,0,0,0,0,0,1,0,8:20,--
854,Anton Wedin,20192020,CHI,L,L,4,0,0,0,1,4,0,0,0,0,0,0,0,0,0,2,0,9:04,--
855,Cameron Hughes,20192020,BOS,L,C,1,0,0,0,-1,0,0,0,0,0,0,0,0,0,0,0,--,9:53,--
856,Trent Frederic,20192020,BOS,L,C,2,0,0,0,-1,0,0,0,0,0,0,0,0,0,0,1,0,6:26,--
857,German Rubtsov,20192020,PHI,L,C,4,0,0,0,-1,0,0,0,0,0,0,0,0,0,0,1,0,6:48,42.9
858,Nicolas Beaudin,20192020,CHI,L,D,1,0,0,0,1,0,0,0,0,0,0,0,0,0,0,2,0,17:01,--
859,Brandon Hagel,20192020,CHI,L,L,1,0,0,0,0,0,0,0,0,0,0,0,0,0,0,4,0,11:48,--
860,Thomas Di Pauli,20192020,PIT,L,C,2,0,0,0,-3,10,0,0,0,0,0,0,0,0,0,2,0,5:59,--
861,Samuel Morin,20192020,PHI,L,D,1,0,0,0,-1,0,0,0,0,0,0,0,0,0,0,0,--,12:32,--
862,John Quenneville,20192020,CHI,L,C,9,0,0,0,-1,0,0,0,0,0,0,0,0,0,0,14,0,11:03,75
863,Justin Bailey,20192020,VAN,R,R,2,0,0,0,0,0,0,0,0,0,0,0,0,0,0,1,0,5:20,--
864,Steven Fogarty,20192020,NYR,R,C,7,0,0,0,-1,0,0,0,0,0,0,0,0,0,0,2,0,5:53,66.7
865,Dalton Prout,20192020,SJS,R,D,2,0,0,0,0,7,0,0,0,0,0,0,0,0,0,2,0,12:49,--
866,Anton Blidh,20192020,BOS,L,L,7,0,0,0,-1,0,0,0,0,0,0,0,0,0,0,9,0,11:31,0
867,Anthony Richard,20192020,NSH,L,C,1,0,0,0,-1,0,0,0,0,0,0,0,0,0,0,2,0,4:10,--
868,Kevin Connauton,20192020,COL,L,D,4,0,0,0,-2,0,0,0,0,0,0,0,0,0,0,4,0,15:30,--
869,Kevin Gravel,20192020,TOR,L,D,3,0,0,0,0,0,0,0,0,0,0,0,0,0,0,2,0,11:05,--
870,Evgeny Svechnikov,20192020,DET,L,R,4,0,0,0,-1,2,0,0,0,0,0,0,0,0,0,7,0,8:20,--
871,Maxime Lajoie,20192020,OTT,L,D,6,0,0,0,0,0,0,0,0,0,0,0,0,0,0,3,0,7:49,--
872,Alexander Yelesin,20192020,CGY,R,D,4,0,0,0,0,0,0,0,0,0,0,0,0,0,0,2,0,12:30,--
873,Janne Kuokkanen,20192020,NJD,L,L,1,0,0,0,0,0,0,0,0,0,0,0,0,0,0,0,--,12:04,--
874,Kale Clague,20192020,LAK,L,D,4,0,0,0,-3,2,0,0,0,0,0,0,0,0,0,2,0,14:34,--
875,Jake Bischoff,20192020,VGK,L,D,4,0,0,0,-2,4,0,0,0,0,0,0,0,0,0,6,0,15:36,--
876,Conor Timmins,20192020,COL,R,D,2,0,0,0,2,0,0,0,0,0,0,0,0,0,0,1,0,10:25,--
877,Danil Yurtaykin,20192020,SJS,R,L,4,0,0,0,-1,0,0,0,0,0,0,0,0,0,0,2,0,13:00,--
878,Trevor Carrick,20192020,SJS,L,D,3,0,0,0,0,5,0,0,0,0,0,0,0,0,0,1,0,5:47,--
879,Tobias Bjornfot,20192020,LAK,L,D,3,0,0,0,-4,0,0,0,0,0,0,0,0,0,0,0,--,12:58,--
880,William Lagesson,20192020,EDM,L,D,8,0,0,0,-4,0,0,0,0,0,0,0,0,0,0,8,0,11:52,--
881,Andrei Chibisov,20192020,WPG,L,R,2,0,0,0,0,0,0,0,0,0,0,0,0,0,0,1,0,7:27,--
882,Brian Gibbons,20192020,CAR,L,C,15,0,0,0,-7,4,0,0,0,0,0,0,0,0,0,9,0,9:46,--
